election,year,constit,party,name,seats,quota,electorate,turnout,valid,spoilt,transfers,round_totals
Presidential Election,2011,-Total-,Independent,Sean Gallagher,7,1790438,3191157,1790438,1771762,18676,"[504964, 24437, 18972, 79741]","[504964, 529401, 548373, 628114]"
Presidential Election,2011,-Total-,Labour Party,Michael D. Higgins,7,1790438,3191157,1790438,1771762,18676,"[701101, 29379, 62648, 213976]","[701101, 730480, 793128, 1007104]"
Presidential Election,2011,-Total-,Sinn Féin,Martin McGuinness,7,1790438,3191157,1790438,1771762,18676,"[243030, 9581, 12585, -265196]","[243030, 252611, 265196, 0]"
Presidential Election,2011,-Total-,Fine Gael,Gay Mitchell,7,1790438,3191157,1790438,1771762,18676,"[113321, 14036, 8952, 0]","[113321, 127357, 136309, 136309]"
Presidential Election,2011,-Total-,Independent,David Norris,7,1790438,3191157,1790438,1771762,18676,"[109469, 7057, -116526, 0]","[109469, 116526, 0, 0]"
Presidential Election,2011,-Total-,Independent,Dana Rosemary Scallon,7,1790438,3191157,1790438,1771762,18676,"[51220, -51220, 0, 0]","[51220, 0, 0, 0]"
Presidential Election,2011,-Total-,Independent,Mary Davis,7,1790438,3191157,1790438,1771762,18676,"[48657, 0, 0, 0]","[48657, 48657, 48657, 48657]"
Presidential Election,2011,Carlow–Kilkenny ,Independent,Sean Gallagher,0,59328,106810,59328,58737,591,"[19846, 685, 558, 2616]","[19846, 20531, 21089, 23705]"
Presidential Election,2011,Carlow–Kilkenny ,Labour Party,Michael D. Higgins,0,59328,106810,59328,58737,591,"[21574, 808, 1537, 7217]","[21574, 22382, 23919, 31136]"
Presidential Election,2011,Carlow–Kilkenny ,Sinn Féin,Martin McGuinness,0,59328,106810,59328,58737,591,"[7257, 240, 386, -7883]","[7257, 7497, 7883, 0]"
Presidential Election,2011,Carlow–Kilkenny ,Fine Gael,Gay Mitchell,0,59328,106810,59328,58737,591,"[4511, 404, 180, 0]","[4511, 4915, 5095, 5095]"
Presidential Election,2011,Carlow–Kilkenny ,Independent,David Norris,0,59328,106810,59328,58737,591,"[2792, 183, -2975, 0]","[2792, 2975, 0, 0]"
Presidential Election,2011,Carlow–Kilkenny ,Independent,Dana Rosemary Scallon,0,59328,106810,59328,58737,591,"[1614, -1614, 0, 0]","[1614, 0, 0, 0]"
Presidential Election,2011,Carlow–Kilkenny ,Independent,Mary Davis,0,59328,106810,59328,58737,591,"[1143, 0, 0, 0]","[1143, 1143, 1143, 1143]"
Presidential Election,2011,Cavan–Monaghan ,Independent,Sean Gallagher,2,58518,98952,58518,57964,554,"[26150, 822, 407, 5041]","[26150, 26972, 27379, 32420]"
Presidential Election,2011,Cavan–Monaghan ,Labour Party,Michael D. Higgins,2,58518,98952,58518,57964,554,"[11471, 614, 750, 7474]","[11471, 12085, 12835, 20309]"
Presidential Election,2011,Cavan–Monaghan ,Sinn Féin,Martin McGuinness,2,58518,98952,58518,57964,554,"[11940, 335, 234, -12509]","[11940, 12275, 12509, 0]"
Presidential Election,2011,Cavan–Monaghan ,Fine Gael,Gay Mitchell,2,58518,98952,58518,57964,554,"[4109, 363, 216, 0]","[4109, 4472, 4688, 4688]"
Presidential Election,2011,Cavan–Monaghan ,Independent,David Norris,2,58518,98952,58518,57964,554,"[1636, 164, -1800, 0]","[1636, 1800, 0, 0]"
Presidential Election,2011,Cavan–Monaghan ,Independent,Dana Rosemary Scallon,2,58518,98952,58518,57964,554,"[1587, -1587, 0, 0]","[1587, 0, 0, 0]"
Presidential Election,2011,Cavan–Monaghan ,Independent,Mary Davis,2,58518,98952,58518,57964,554,"[1071, 0, 0, 0]","[1071, 1071, 1071, 1071]"
Presidential Election,2011,Clare ,Independent,Sean Gallagher,9,47417,81419,47417,47012,405,"[14779, 560, 364, 1468]","[14779, 15339, 15703, 17171]"
Presidential Election,2011,Clare ,Labour Party,Michael D. Higgins,9,47417,81419,47417,47012,405,"[20828, 745, 977, 5169]","[20828, 21573, 22550, 27719]"
Presidential Election,2011,Clare ,Sinn Féin,Martin McGuinness,9,47417,81419,47417,47012,405,"[4950, 202, 213, -5365]","[4950, 5152, 5365, 0]"
Presidential Election,2011,Clare ,Fine Gael,Gay Mitchell,9,47417,81419,47417,47012,405,"[2545, 265, 125, 0]","[2545, 2810, 2935, 2935]"
Presidential Election,2011,Clare ,Independent,David Norris,9,47417,81419,47417,47012,405,"[1707, 151, -1858, 0]","[1707, 1858, 0, 0]"
Presidential Election,2011,Clare ,Independent,Dana Rosemary Scallon,9,47417,81419,47417,47012,405,"[1313, -1313, 0, 0]","[1313, 0, 0, 0]"
Presidential Election,2011,Clare ,Independent,Mary Davis,9,47417,81419,47417,47012,405,"[890, 0, 0, 0]","[890, 890, 890, 890]"
Presidential Election,2011,Cork East ,Independent,Sean Gallagher,1,45462,82731,45462,44953,509,"[15455, 608, 359, 2001]","[15455, 16063, 16422, 18423]"
Presidential Election,2011,Cork East ,Labour Party,Michael D. Higgins,1,45462,82731,45462,44953,509,"[16435, 596, 1097, 5067]","[16435, 17031, 18128, 23195]"
Presidential Election,2011,Cork East ,Sinn Féin,Martin McGuinness,1,45462,82731,45462,44953,509,"[6193, 200, 222, -6615]","[6193, 6393, 6615, 0]"
Presidential Election,2011,Cork East ,Fine Gael,Gay Mitchell,1,45462,82731,45462,44953,509,"[2678, 344, 124, 0]","[2678, 3022, 3146, 3146]"
Presidential Election,2011,Cork East ,Independent,David Norris,1,45462,82731,45462,44953,509,"[1921, 138, -2059, 0]","[1921, 2059, 0, 0]"
Presidential Election,2011,Cork East ,Independent,Dana Rosemary Scallon,1,45462,82731,45462,44953,509,"[1348, -1348, 0, 0]","[1348, 0, 0, 0]"
Presidential Election,2011,Cork East ,Independent,Mary Davis,1,45462,82731,45462,44953,509,"[923, 0, 0, 0]","[923, 923, 923, 923]"
Presidential Election,2011,Cork North–Central ,Independent,Sean Gallagher,2,41602,75622,41602,41026,576,"[11526, 447, 363, 2015]","[11526, 11973, 12336, 14351]"
Presidential Election,2011,Cork North–Central ,Labour Party,Michael D. Higgins,2,41602,75622,41602,41026,576,"[15427, 472, 1199, 5462]","[15427, 15899, 17098, 22560]"
Presidential Election,2011,Cork North–Central ,Sinn Féin,Martin McGuinness,2,41602,75622,41602,41026,576,"[8201, 206, 298, -8705]","[8201, 8407, 8705, 0]"
Presidential Election,2011,Cork North–Central ,Fine Gael,Gay Mitchell,2,41602,75622,41602,41026,576,"[1911, 274, 128, 0]","[1911, 2185, 2313, 2313]"
Presidential Election,2011,Cork North–Central ,Independent,David Norris,2,41602,75622,41602,41026,576,"[2090, 145, -2235, 0]","[2090, 2235, 0, 0]"
Presidential Election,2011,Cork North–Central ,Independent,Dana Rosemary Scallon,2,41602,75622,41602,41026,576,"[1178, -1178, 0, 0]","[1178, 0, 0, 0]"
Presidential Election,2011,Cork North–Central ,Independent,Mary Davis,2,41602,75622,41602,41026,576,"[693, 0, 0, 0]","[693, 693, 693, 693]"
Presidential Election,2011,Cork North–West ,Independent,Sean Gallagher,3,37784,62113,37784,37413,371,"[14362, 432, 335, 1568]","[14362, 14794, 15129, 16697]"
Presidential Election,2011,Cork North–West ,Labour Party,Michael D. Higgins,3,37784,62113,37784,37413,371,"[12836, 441, 750, 4486]","[12836, 13277, 14027, 18513]"
Presidential Election,2011,Cork North–West ,Sinn Féin,Martin McGuinness,3,37784,62113,37784,37413,371,"[4329, 141, 168, -4638]","[4329, 4470, 4638, 0]"
Presidential Election,2011,Cork North–West ,Fine Gael,Gay Mitchell,3,37784,62113,37784,37413,371,"[2836, 266, 82, 0]","[2836, 3102, 3184, 3184]"
Presidential Election,2011,Cork North–West ,Independent,David Norris,3,37784,62113,37784,37413,371,"[1380, 110, -1490, 0]","[1380, 1490, 0, 0]"
Presidential Election,2011,Cork North–West ,Independent,Dana Rosemary Scallon,3,37784,62113,37784,37413,371,"[1109, -1109, 0, 0]","[1109, 0, 0, 0]"
Presidential Election,2011,Cork North–West ,Independent,Mary Davis,3,37784,62113,37784,37413,371,"[561, 0, 0, 0]","[561, 561, 561, 561]"
Presidential Election,2011,Cork South–Central ,Independent,Sean Gallagher,6,53710,91716,53710,53048,662,"[13224, 605, 574, 1995]","[13224, 13829, 14403, 16398]"
Presidential Election,2011,Cork South–Central ,Labour Party,Michael D. Higgins,6,53710,91716,53710,53048,662,"[23861, 740, 2010, 6026]","[23861, 24601, 26611, 32637]"
Presidential Election,2011,Cork South–Central ,Sinn Féin,Martin McGuinness,6,53710,91716,53710,53048,662,"[7496, 196, 377, -8069]","[7496, 7692, 8069, 0]"
Presidential Election,2011,Cork South–Central ,Fine Gael,Gay Mitchell,6,53710,91716,53710,53048,662,"[2488, 394, 243, 0]","[2488, 2882, 3125, 3125]"
Presidential Election,2011,Cork South–Central ,Independent,David Norris,6,53710,91716,53710,53048,662,"[3423, 202, -3625, 0]","[3423, 3625, 0, 0]"
Presidential Election,2011,Cork South–Central ,Independent,Dana Rosemary Scallon,6,53710,91716,53710,53048,662,"[1476, -1476, 0, 0]","[1476, 0, 0, 0]"
Presidential Election,2011,Cork South–Central ,Independent,Mary Davis,6,53710,91716,53710,53048,662,"[1080, 0, 0, 0]","[1080, 1080, 1080, 1080]"
Presidential Election,2011,Cork South–West ,Independent,Sean Gallagher,8,35941,60248,35941,35571,370,"[12449, 481, 274, 1844]","[12449, 12930, 13204, 15048]"
Presidential Election,2011,Cork South–West ,Labour Party,Michael D. Higgins,8,35941,60248,35941,35571,370,"[12047, 512, 912, 4553]","[12047, 12559, 13471, 18024]"
Presidential Election,2011,Cork South–West ,Sinn Féin,Martin McGuinness,8,35941,60248,35941,35571,370,"[4608, 168, 167, -4943]","[4608, 4776, 4943, 0]"
Presidential Election,2011,Cork South–West ,Fine Gael,Gay Mitchell,8,35941,60248,35941,35571,370,"[3035, 318, 120, 0]","[3035, 3353, 3473, 3473]"
Presidential Election,2011,Cork South–West ,Independent,David Norris,8,35941,60248,35941,35571,370,"[1534, 100, -1634, 0]","[1534, 1634, 0, 0]"
Presidential Election,2011,Cork South–West ,Independent,Dana Rosemary Scallon,8,35941,60248,35941,35571,370,"[1128, -1128, 0, 0]","[1128, 0, 0, 0]"
Presidential Election,2011,Cork South–West ,Independent,Mary Davis,8,35941,60248,35941,35571,370,"[770, 0, 0, 0]","[770, 770, 770, 770]"
Presidential Election,2011,Donegal North–East ,Independent,Sean Gallagher,9,28582,58579,28582,28254,328,"[7978, 661, 183, 2644]","[7978, 8639, 8822, 11466]"
Presidential Election,2011,Donegal North–East ,Labour Party,Michael D. Higgins,9,28582,58579,28582,28254,328,"[6516, 519, 401, 4159]","[6516, 7035, 7436, 11595]"
Presidential Election,2011,Donegal North–East ,Sinn Féin,Martin McGuinness,9,28582,58579,28582,28254,328,"[9085, 541, 123, -9749]","[9085, 9626, 9749, 0]"
Presidential Election,2011,Donegal North–East ,Fine Gael,Gay Mitchell,9,28582,58579,28582,28254,328,"[1384, 245, 73, 0]","[1384, 1629, 1702, 1702]"
Presidential Election,2011,Donegal North–East ,Independent,David Norris,9,28582,58579,28582,28254,328,"[788, 123, -911, 0]","[788, 911, 0, 0]"
Presidential Election,2011,Donegal North–East ,Independent,Dana Rosemary Scallon,9,28582,58579,28582,28254,328,"[1905, -1905, 0, 0]","[1905, 0, 0, 0]"
Presidential Election,2011,Donegal North–East ,Independent,Mary Davis,9,28582,58579,28582,28254,328,"[598, 0, 0, 0]","[598, 598, 598, 598]"
Presidential Election,2011,Donegal South–West ,Independent,Sean Gallagher,8,31068,64158,31068,30716,352,"[9912, 683, 181, 2619]","[9912, 10595, 10776, 13395]"
Presidential Election,2011,Donegal South–West ,Labour Party,Michael D. Higgins,8,31068,64158,31068,30716,352,"[7093, 542, 467, 4256]","[7093, 7635, 8102, 12358]"
Presidential Election,2011,Donegal South–West ,Sinn Féin,Martin McGuinness,8,31068,64158,31068,30716,352,"[8738, 420, 141, -9299]","[8738, 9158, 9299, 0]"
Presidential Election,2011,Donegal South–West ,Fine Gael,Gay Mitchell,8,31068,64158,31068,30716,352,"[1620, 246, 93, 0]","[1620, 1866, 1959, 1959]"
Presidential Election,2011,Donegal South–West ,Independent,David Norris,8,31068,64158,31068,30716,352,"[916, 119, -1035, 0]","[916, 1035, 0, 0]"
Presidential Election,2011,Donegal South–West ,Independent,Dana Rosemary Scallon,8,31068,64158,31068,30716,352,"[1777, -1777, 0, 0]","[1777, 0, 0, 0]"
Presidential Election,2011,Donegal South–West ,Independent,Mary Davis,8,31068,64158,31068,30716,352,"[660, 0, 0, 0]","[660, 660, 660, 660]"
Presidential Election,2011,Dublin Central ,Independent,Sean Gallagher,0,28236,54500,28236,27885,351,"[4577, 306, 409, 1171]","[4577, 4883, 5292, 6463]"
Presidential Election,2011,Dublin Central ,Labour Party,Michael D. Higgins,0,28236,54500,28236,27885,351,"[12267, 447, 2269, 3558]","[12267, 12714, 14983, 18541]"
Presidential Election,2011,Dublin Central ,Sinn Féin,Martin McGuinness,0,28236,54500,28236,27885,351,"[4485, 146, 417, -5048]","[4485, 4631, 5048, 0]"
Presidential Election,2011,Dublin Central ,Fine Gael,Gay Mitchell,0,28236,54500,28236,27885,351,"[1392, 249, 237, 0]","[1392, 1641, 1878, 1878]"
Presidential Election,2011,Dublin Central ,Independent,David Norris,0,28236,54500,28236,27885,351,"[3588, 174, -3762, 0]","[3588, 3762, 0, 0]"
Presidential Election,2011,Dublin Central ,Independent,Dana Rosemary Scallon,0,28236,54500,28236,27885,351,"[756, -756, 0, 0]","[756, 0, 0, 0]"
Presidential Election,2011,Dublin Central ,Independent,Mary Davis,0,28236,54500,28236,27885,351,"[820, 0, 0, 0]","[820, 820, 820, 820]"
Presidential Election,2011,Dublin Mid–West ,Independent,Sean Gallagher,0,34113,64370,34113,33717,396,"[7436, 370, 559, 1590]","[7436, 7806, 8365, 9955]"
Presidential Election,2011,Dublin Mid–West ,Labour Party,Michael D. Higgins,0,34113,64370,34113,33717,396,"[13594, 502, 1810, 4623]","[13594, 14096, 15906, 20529]"
Presidential Election,2011,Dublin Mid–West ,Sinn Féin,Martin McGuinness,0,34113,64370,34113,33717,396,"[5374, 155, 466, -5995]","[5374, 5529, 5995, 0]"
Presidential Election,2011,Dublin Mid–West ,Fine Gael,Gay Mitchell,0,34113,64370,34113,33717,396,"[2176, 239, 313, 0]","[2176, 2415, 2728, 2728]"
Presidential Election,2011,Dublin Mid–West ,Independent,David Norris,0,34113,64370,34113,33717,396,"[3428, 162, -3590, 0]","[3428, 3590, 0, 0]"
Presidential Election,2011,Dublin Mid–West ,Independent,Dana Rosemary Scallon,0,34113,64370,34113,33717,396,"[670, -670, 0, 0]","[670, 0, 0, 0]"
Presidential Election,2011,Dublin Mid–West ,Independent,Mary Davis,0,34113,64370,34113,33717,396,"[1039, 0, 0, 0]","[1039, 1039, 1039, 1039]"
Presidential Election,2011,Dublin North ,Independent,Sean Gallagher,7,39731,69347,39731,39330,401,"[10014, 440, 729, 1336]","[10014, 10454, 11183, 12519]"
Presidential Election,2011,Dublin North ,Labour Party,Michael D. Higgins,7,39731,69347,39731,39330,401,"[17630, 614, 2154, 3881]","[17630, 18244, 20398, 24279]"
Presidential Election,2011,Dublin North ,Sinn Féin,Martin McGuinness,7,39731,69347,39731,39330,401,"[4097, 160, 421, -4678]","[4097, 4257, 4678, 0]"
Presidential Election,2011,Dublin North ,Fine Gael,Gay Mitchell,7,39731,69347,39731,39330,401,"[1742, 252, 283, 0]","[1742, 1994, 2277, 2277]"
Presidential Election,2011,Dublin North ,Independent,David Norris,7,39731,69347,39731,39330,401,"[3868, 205, -4073, 0]","[3868, 4073, 0, 0]"
Presidential Election,2011,Dublin North ,Independent,Dana Rosemary Scallon,7,39731,69347,39731,39330,401,"[726, -726, 0, 0]","[726, 0, 0, 0]"
Presidential Election,2011,Dublin North ,Independent,Mary Davis,7,39731,69347,39731,39330,401,"[1253, 0, 0, 0]","[1253, 1253, 1253, 1253]"
Presidential Election,2011,Dublin North–Central ,Independent,Sean Gallagher,9,33239,51929,33239,32858,381,"[6603, 423, 491, 1157]","[6603, 7026, 7517, 8674]"
Presidential Election,2011,Dublin North–Central ,Labour Party,Michael D. Higgins,9,33239,51929,33239,32858,381,"[15230, 542, 2020, 3864]","[15230, 15772, 17792, 21656]"
Presidential Election,2011,Dublin North–Central ,Sinn Féin,Martin McGuinness,9,33239,51929,33239,32858,381,"[3678, 187, 373, -4238]","[3678, 3865, 4238, 0]"
Presidential Election,2011,Dublin North–Central ,Fine Gael,Gay Mitchell,9,33239,51929,33239,32858,381,"[1953, 317, 280, 0]","[1953, 2270, 2550, 2550]"
Presidential Election,2011,Dublin North–Central ,Independent,David Norris,9,33239,51929,33239,32858,381,"[3434, 163, -3597, 0]","[3434, 3597, 0, 0]"
Presidential Election,2011,Dublin North–Central ,Independent,Dana Rosemary Scallon,9,33239,51929,33239,32858,381,"[812, -812, 0, 0]","[812, 0, 0, 0]"
Presidential Election,2011,Dublin North–Central ,Independent,Mary Davis,9,33239,51929,33239,32858,381,"[1148, 0, 0, 0]","[1148, 1148, 1148, 1148]"
Presidential Election,2011,Dublin North–East ,Independent,Sean Gallagher,7,34462,57627,34462,34062,400,"[7138, 526, 589, 1341]","[7138, 7664, 8253, 9594]"
Presidential Election,2011,Dublin North–East ,Labour Party,Michael D. Higgins,7,34462,57627,34462,34062,400,"[14956, 688, 1973, 4006]","[14956, 15644, 17617, 21623]"
Presidential Election,2011,Dublin North–East ,Sinn Féin,Martin McGuinness,7,34462,57627,34462,34062,400,"[4484, 196, 391, -5071]","[4484, 4680, 5071, 0]"
Presidential Election,2011,Dublin North–East ,Fine Gael,Gay Mitchell,7,34462,57627,34462,34062,400,"[1727, 280, 283, 0]","[1727, 2007, 2290, 2290]"
Presidential Election,2011,Dublin North–East ,Independent,David Norris,7,34462,57627,34462,34062,400,"[3512, 218, -3730, 0]","[3512, 3730, 0, 0]"
Presidential Election,2011,Dublin North–East ,Independent,Dana Rosemary Scallon,7,34462,57627,34462,34062,400,"[754, -754, 0, 0]","[754, 0, 0, 0]"
Presidential Election,2011,Dublin North–East ,Independent,Mary Davis,7,34462,57627,34462,34062,400,"[1491, 0, 0, 0]","[1491, 1491, 1491, 1491]"
Presidential Election,2011,Dublin North–West ,Independent,Sean Gallagher,0,25361,50410,25361,25003,358,"[5069, 339, 433, 1370]","[5069, 5408, 5841, 7211]"
Presidential Election,2011,Dublin North–West ,Labour Party,Michael D. Higgins,0,25361,50410,25361,25003,358,"[9709, 414, 1363, 3397]","[9709, 10123, 11486, 14883]"
Presidential Election,2011,Dublin North–West ,Sinn Féin,Martin McGuinness,0,25361,50410,25361,25003,358,"[4985, 157, 386, -5528]","[4985, 5142, 5528, 0]"
Presidential Election,2011,Dublin North–West ,Fine Gael,Gay Mitchell,0,25361,50410,25361,25003,358,"[1111, 222, 204, 0]","[1111, 1333, 1537, 1537]"
Presidential Election,2011,Dublin North–West ,Independent,David Norris,0,25361,50410,25361,25003,358,"[2638, 127, -2765, 0]","[2638, 2765, 0, 0]"
Presidential Election,2011,Dublin North–West ,Independent,Dana Rosemary Scallon,0,25361,50410,25361,25003,358,"[576, -576, 0, 0]","[576, 0, 0, 0]"
Presidential Election,2011,Dublin North–West ,Independent,Mary Davis,0,25361,50410,25361,25003,358,"[915, 0, 0, 0]","[915, 915, 915, 915]"
Presidential Election,2011,Dublin South ,Independent,Sean Gallagher,5,64492,104145,64492,63978,514,"[12814, 723, 940, 1823]","[12814, 13537, 14477, 16300]"
Presidential Election,2011,Dublin South ,Labour Party,Michael D. Higgins,5,64492,104145,64492,63978,514,"[32673, 1169, 3975, 6816]","[32673, 33842, 37817, 44633]"
Presidential Election,2011,Dublin South ,Sinn Féin,Martin McGuinness,5,64492,104145,64492,63978,514,"[4146, 196, 437, -4779]","[4146, 4342, 4779, 0]"
Presidential Election,2011,Dublin South ,Fine Gael,Gay Mitchell,5,64492,104145,64492,63978,514,"[4684, 596, 552, 0]","[4684, 5280, 5832, 5832]"
Presidential Election,2011,Dublin South ,Independent,David Norris,5,64492,104145,64492,63978,514,"[6265, 295, -6560, 0]","[6265, 6560, 0, 0]"
Presidential Election,2011,Dublin South ,Independent,Dana Rosemary Scallon,5,64492,104145,64492,63978,514,"[1296, -1296, 0, 0]","[1296, 0, 0, 0]"
Presidential Election,2011,Dublin South ,Independent,Mary Davis,5,64492,104145,64492,63978,514,"[2100, 0, 0, 0]","[2100, 2100, 2100, 2100]"
Presidential Election,2011,Dublin South–Central ,Independent,Sean Gallagher,8,41604,77688,41604,41075,529,"[6154, 393, 565, 2329]","[6154, 6547, 7112, 9441]"
Presidential Election,2011,Dublin South–Central ,Labour Party,Michael D. Higgins,8,41604,77688,41604,41075,529,"[16391, 524, 2698, 7360]","[16391, 16915, 19613, 26973]"
Presidential Election,2011,Dublin South–Central ,Sinn Féin,Martin McGuinness,8,41604,77688,41604,41075,529,"[6803, 213, 578, -7594]","[6803, 7016, 7594, 0]"
Presidential Election,2011,Dublin South–Central ,Fine Gael,Gay Mitchell,8,41604,77688,41604,41075,529,"[4971, 412, 516, 0]","[4971, 5383, 5899, 5899]"
Presidential Election,2011,Dublin South–Central ,Independent,David Norris,8,41604,77688,41604,41075,529,"[4703, 195, -4898, 0]","[4703, 4898, 0, 0]"
Presidential Election,2011,Dublin South–Central ,Independent,Dana Rosemary Scallon,8,41604,77688,41604,41075,529,"[937, -937, 0, 0]","[937, 0, 0, 0]"
Presidential Election,2011,Dublin South–Central ,Independent,Mary Davis,8,41604,77688,41604,41075,529,"[1116, 0, 0, 0]","[1116, 1116, 1116, 1116]"
Presidential Election,2011,Dublin South–East ,Independent,Sean Gallagher,3,30780,55533,30780,30485,295,"[4179, 318, 374, 899]","[4179, 4497, 4871, 5770]"
Presidential Election,2011,Dublin South–East ,Labour Party,Michael D. Higgins,3,30780,55533,30780,30485,295,"[16315, 571, 2476, 3582]","[16315, 16886, 19362, 22944]"
Presidential Election,2011,Dublin South–East ,Sinn Féin,Martin McGuinness,3,30780,55533,30780,30485,295,"[2289, 113, 264, -2666]","[2289, 2402, 2666, 0]"
Presidential Election,2011,Dublin South–East ,Fine Gael,Gay Mitchell,3,30780,55533,30780,30485,295,"[2486, 269, 298, 0]","[2486, 2755, 3053, 3053]"
Presidential Election,2011,Dublin South–East ,Independent,David Norris,3,30780,55533,30780,30485,295,"[3574, 164, -3738, 0]","[3574, 3738, 0, 0]"
Presidential Election,2011,Dublin South–East ,Independent,Dana Rosemary Scallon,3,30780,55533,30780,30485,295,"[667, -667, 0, 0]","[667, 0, 0, 0]"
Presidential Election,2011,Dublin South–East ,Independent,Mary Davis,3,30780,55533,30780,30485,295,"[975, 0, 0, 0]","[975, 975, 975, 975]"
Presidential Election,2011,Dublin South–West ,Independent,Sean Gallagher,7,36669,69977,36669,36195,474,"[7947, 423, 588, 1919]","[7947, 8370, 8958, 10877]"
Presidential Election,2011,Dublin South–West ,Labour Party,Michael D. Higgins,7,36669,69977,36669,36195,474,"[14530, 526, 1813, 4861]","[14530, 15056, 16869, 21730]"
Presidential Election,2011,Dublin South–West ,Sinn Féin,Martin McGuinness,7,36669,69977,36669,36195,474,"[6006, 151, 452, -6609]","[6006, 6157, 6609, 0]"
Presidential Election,2011,Dublin South–West ,Fine Gael,Gay Mitchell,7,36669,69977,36669,36195,474,"[2345, 286, 336, 0]","[2345, 2631, 2967, 2967]"
Presidential Election,2011,Dublin South–West ,Independent,David Norris,7,36669,69977,36669,36195,474,"[3482, 171, -3653, 0]","[3482, 3653, 0, 0]"
Presidential Election,2011,Dublin South–West ,Independent,Dana Rosemary Scallon,7,36669,69977,36669,36195,474,"[758, -758, 0, 0]","[758, 0, 0, 0]"
Presidential Election,2011,Dublin South–West ,Independent,Mary Davis,7,36669,69977,36669,36195,474,"[1127, 0, 0, 0]","[1127, 1127, 1127, 1127]"
Presidential Election,2011,Dublin West ,Independent,Sean Gallagher,3,36319,61583,36319,35949,370,"[8677, 446, 618, 1390]","[8677, 9123, 9741, 11131]"
Presidential Election,2011,Dublin West ,Labour Party,Michael D. Higgins,3,36319,61583,36319,35949,370,"[15539, 543, 1992, 3839]","[15539, 16082, 18074, 21913]"
Presidential Election,2011,Dublin West ,Sinn Féin,Martin McGuinness,3,36319,61583,36319,35949,370,"[4278, 141, 407, -4826]","[4278, 4419, 4826, 0]"
Presidential Election,2011,Dublin West ,Fine Gael,Gay Mitchell,3,36319,61583,36319,35949,370,"[1916, 260, 263, 0]","[1916, 2176, 2439, 2439]"
Presidential Election,2011,Dublin West ,Independent,David Norris,3,36319,61583,36319,35949,370,"[3632, 189, -3821, 0]","[3632, 3821, 0, 0]"
Presidential Election,2011,Dublin West ,Independent,Dana Rosemary Scallon,3,36319,61583,36319,35949,370,"[733, -733, 0, 0]","[733, 0, 0, 0]"
Presidential Election,2011,Dublin West ,Independent,Mary Davis,3,36319,61583,36319,35949,370,"[1174, 0, 0, 0]","[1174, 1174, 1174, 1174]"
Presidential Election,2011,Dún Laoghaire ,Independent,Sean Gallagher,3,49191,82033,49191,48763,428,"[8626, 599, 688, 1409]","[8626, 9225, 9913, 11322]"
Presidential Election,2011,Dún Laoghaire ,Labour Party,Michael D. Higgins,3,49191,82033,49191,48763,428,"[25616, 901, 3264, 5090]","[25616, 26517, 29781, 34871]"
Presidential Election,2011,Dún Laoghaire ,Sinn Féin,Martin McGuinness,3,49191,82033,49191,48763,428,"[3355, 182, 317, -3854]","[3355, 3537, 3854, 0]"
Presidential Election,2011,Dún Laoghaire ,Fine Gael,Gay Mitchell,3,49191,82033,49191,48763,428,"[3424, 510, 444, 0]","[3424, 3934, 4378, 4378]"
Presidential Election,2011,Dún Laoghaire ,Independent,David Norris,3,49191,82033,49191,48763,428,"[4973, 265, -5238, 0]","[4973, 5238, 0, 0]"
Presidential Election,2011,Dún Laoghaire ,Independent,Dana Rosemary Scallon,3,49191,82033,49191,48763,428,"[1058, -1058, 0, 0]","[1058, 0, 0, 0]"
Presidential Election,2011,Dún Laoghaire ,Independent,Mary Davis,3,49191,82033,49191,48763,428,"[1711, 0, 0, 0]","[1711, 1711, 1711, 1711]"
Presidential Election,2011,Galway East ,Independent,Sean Gallagher,6,47092,81896,47092,46681,411,"[13473, 665, 198, 1517]","[13473, 14138, 14336, 15853]"
Presidential Election,2011,Galway East ,Labour Party,Michael D. Higgins,6,47092,81896,47092,46681,411,"[21554, 906, 678, 5184]","[21554, 22460, 23138, 28322]"
Presidential Election,2011,Galway East ,Sinn Féin,Martin McGuinness,6,47092,81896,47092,46681,411,"[4849, 259, 187, -5295]","[4849, 5108, 5295, 0]"
Presidential Election,2011,Galway East ,Fine Gael,Gay Mitchell,6,47092,81896,47092,46681,411,"[2905, 337, 100, 0]","[2905, 3242, 3342, 3342]"
Presidential Election,2011,Galway East ,Independent,David Norris,6,47092,81896,47092,46681,411,"[1177, 139, -1316, 0]","[1177, 1316, 0, 0]"
Presidential Election,2011,Galway East ,Independent,Dana Rosemary Scallon,6,47092,81896,47092,46681,411,"[1670, -1670, 0, 0]","[1670, 0, 0, 0]"
Presidential Election,2011,Galway East ,Independent,Mary Davis,6,47092,81896,47092,46681,411,"[1053, 0, 0, 0]","[1053, 1053, 1053, 1053]"
Presidential Election,2011,Galway West ,Independent,Sean Gallagher,0,50688,94700,50688,50274,414,"[9281, 558, 268, 1448]","[9281, 9839, 10107, 11555]"
Presidential Election,2011,Galway West ,Labour Party,Michael D. Higgins,0,50688,94700,50688,50274,414,"[28970, 910, 1068, 5332]","[28970, 29880, 30948, 36280]"
Presidential Election,2011,Galway West ,Sinn Féin,Martin McGuinness,0,50688,94700,50688,50274,414,"[5392, 273, 210, -5875]","[5392, 5665, 5875, 0]"
Presidential Election,2011,Galway West ,Fine Gael,Gay Mitchell,0,50688,94700,50688,50274,414,"[2326, 398, 116, 0]","[2326, 2724, 2840, 2840]"
Presidential Election,2011,Galway West ,Independent,David Norris,0,50688,94700,50688,50274,414,"[1660, 148, -1808, 0]","[1660, 1808, 0, 0]"
Presidential Election,2011,Galway West ,Independent,Dana Rosemary Scallon,0,50688,94700,50688,50274,414,"[1745, -1745, 0, 0]","[1745, 0, 0, 0]"
Presidential Election,2011,Galway West ,Independent,Mary Davis,0,50688,94700,50688,50274,414,"[900, 0, 0, 0]","[900, 900, 900, 900]"
Presidential Election,2011,Kerry North–West Limerick ,Independent,Sean Gallagher,8,34525,63068,34525,34134,391,"[9909, 510, 270, 1525]","[9909, 10419, 10689, 12214]"
Presidential Election,2011,Kerry North–West Limerick ,Labour Party,Michael D. Higgins,8,34525,63068,34525,34134,391,"[12947, 574, 695, 4489]","[12947, 13521, 14216, 18705]"
Presidential Election,2011,Kerry North–West Limerick ,Sinn Féin,Martin McGuinness,8,34525,63068,34525,34134,391,"[5739, 215, 194, -6148]","[5739, 5954, 6148, 0]"
Presidential Election,2011,Kerry North–West Limerick ,Fine Gael,Gay Mitchell,8,34525,63068,34525,34134,391,"[2221, 254, 101, 0]","[2221, 2475, 2576, 2576]"
Presidential Election,2011,Kerry North–West Limerick ,Independent,David Norris,8,34525,63068,34525,34134,391,"[1301, 116, -1417, 0]","[1301, 1417, 0, 0]"
Presidential Election,2011,Kerry North–West Limerick ,Independent,Dana Rosemary Scallon,8,34525,63068,34525,34134,391,"[1260, -1260, 0, 0]","[1260, 0, 0, 0]"
Presidential Election,2011,Kerry North–West Limerick ,Independent,Mary Davis,8,34525,63068,34525,34134,391,"[757, 0, 0, 0]","[757, 757, 757, 757]"
Presidential Election,2011,Kerry South ,Independent,Sean Gallagher,6,31969,57776,31969,31613,356,"[9668, 500, 222, 1428]","[9668, 10168, 10390, 11818]"
Presidential Election,2011,Kerry South ,Labour Party,Michael D. Higgins,6,31969,57776,31969,31613,356,"[11604, 649, 755, 4299]","[11604, 12253, 13008, 17307]"
Presidential Election,2011,Kerry South ,Sinn Féin,Martin McGuinness,6,31969,57776,31969,31613,356,"[4723, 199, 155, -5077]","[4723, 4922, 5077, 0]"
Presidential Election,2011,Kerry South ,Fine Gael,Gay Mitchell,6,31969,57776,31969,31613,356,"[2302, 249, 84, 0]","[2302, 2551, 2635, 2635]"
Presidential Election,2011,Kerry South ,Independent,David Norris,6,31969,57776,31969,31613,356,"[1246, 117, -1363, 0]","[1246, 1363, 0, 0]"
Presidential Election,2011,Kerry South ,Independent,Dana Rosemary Scallon,6,31969,57776,31969,31613,356,"[1232, -1232, 0, 0]","[1232, 0, 0, 0]"
Presidential Election,2011,Kerry South ,Independent,Mary Davis,6,31969,57776,31969,31613,356,"[838, 0, 0, 0]","[838, 838, 838, 838]"
Presidential Election,2011,Kildare North ,Independent,Sean Gallagher,3,43463,76623,43463,43134,329,"[11615, 522, 644, 1345]","[11615, 12137, 12781, 14126]"
Presidential Election,2011,Kildare North ,Labour Party,Michael D. Higgins,3,43463,76623,43463,43134,329,"[19775, 648, 2016, 4237]","[19775, 20423, 22439, 26676]"
Presidential Election,2011,Kildare North ,Sinn Féin,Martin McGuinness,3,43463,76623,43463,43134,329,"[3796, 161, 319, -4276]","[3796, 3957, 4276, 0]"
Presidential Election,2011,Kildare North ,Fine Gael,Gay Mitchell,3,43463,76623,43463,43134,329,"[2364, 287, 268, 0]","[2364, 2651, 2919, 2919]"
Presidential Election,2011,Kildare North ,Independent,David Norris,3,43463,76623,43463,43134,329,"[3490, 169, -3659, 0]","[3490, 3659, 0, 0]"
Presidential Election,2011,Kildare North ,Independent,Dana Rosemary Scallon,3,43463,76623,43463,43134,329,"[896, -896, 0, 0]","[896, 0, 0, 0]"
Presidential Election,2011,Kildare North ,Independent,Mary Davis,3,43463,76623,43463,43134,329,"[1198, 0, 0, 0]","[1198, 1198, 1198, 1198]"
Presidential Election,2011,Kildare South ,Independent,Sean Gallagher,3,31295,57933,31295,30962,333,"[9733, 409, 400, 1243]","[9733, 10142, 10542, 11785]"
Presidential Election,2011,Kildare South ,Labour Party,Michael D. Higgins,3,31295,57933,31295,30962,333,"[12447, 492, 1055, 3153]","[12447, 12939, 13994, 17147]"
Presidential Election,2011,Kildare South ,Sinn Féin,Martin McGuinness,3,31295,57933,31295,30962,333,"[3553, 134, 207, -3894]","[3553, 3687, 3894, 0]"
Presidential Election,2011,Kildare South ,Fine Gael,Gay Mitchell,3,31295,57933,31295,30962,333,"[1681, 195, 172, 0]","[1681, 1876, 2048, 2048]"
Presidential Election,2011,Kildare South ,Independent,David Norris,3,31295,57933,31295,30962,333,"[1966, 123, -2089, 0]","[1966, 2089, 0, 0]"
Presidential Election,2011,Kildare South ,Independent,Dana Rosemary Scallon,3,31295,57933,31295,30962,333,"[645, -645, 0, 0]","[645, 0, 0, 0]"
Presidential Election,2011,Kildare South ,Independent,Mary Davis,3,31295,57933,31295,30962,333,"[937, 0, 0, 0]","[937, 937, 937, 937]"
Presidential Election,2011,Laois–Offaly ,Independent,Sean Gallagher,3,59365,107023,59365,58848,517,"[22115, 810, 804, 2877]","[22115, 22925, 23729, 26606]"
Presidential Election,2011,Laois–Offaly ,Labour Party,Michael D. Higgins,3,59365,107023,59365,58848,517,"[18686, 752, 1775, 6608]","[18686, 19438, 21213, 27821]"
Presidential Election,2011,Laois–Offaly ,Sinn Féin,Martin McGuinness,3,59365,107023,59365,58848,517,"[7663, 279, 438, -8380]","[7663, 7942, 8380, 0]"
Presidential Election,2011,Laois–Offaly ,Fine Gael,Gay Mitchell,3,59365,107023,59365,58848,517,"[3891, 370, 308, 0]","[3891, 4261, 4569, 4569]"
Presidential Election,2011,Laois–Offaly ,Independent,David Norris,3,59365,107023,59365,58848,517,"[3547, 236, -3783, 0]","[3547, 3783, 0, 0]"
Presidential Election,2011,Laois–Offaly ,Independent,Dana Rosemary Scallon,3,59365,107023,59365,58848,517,"[1765, -1765, 0, 0]","[1765, 0, 0, 0]"
Presidential Election,2011,Laois–Offaly ,Independent,Mary Davis,3,59365,107023,59365,58848,517,"[1181, 0, 0, 0]","[1181, 1181, 1181, 1181]"
Presidential Election,2011,Limerick ,Independent,Sean Gallagher,5,36876,66345,36876,36517,359,"[12238, 515, 302, 1413]","[12238, 12753, 13055, 14468]"
Presidential Election,2011,Limerick ,Labour Party,Michael D. Higgins,5,36876,66345,36876,36517,359,"[14134, 566, 801, 4352]","[14134, 14700, 15501, 19853]"
Presidential Election,2011,Limerick ,Sinn Féin,Martin McGuinness,5,36876,66345,36876,36517,359,"[3854, 184, 153, -4191]","[3854, 4038, 4191, 0]"
Presidential Election,2011,Limerick ,Fine Gael,Gay Mitchell,5,36876,66345,36876,36517,359,"[2864, 302, 100, 0]","[2864, 3166, 3266, 3266]"
Presidential Election,2011,Limerick ,Independent,David Norris,5,36876,66345,36876,36517,359,"[1369, 125, -1494, 0]","[1369, 1494, 0, 0]"
Presidential Election,2011,Limerick ,Independent,Dana Rosemary Scallon,5,36876,66345,36876,36517,359,"[1239, -1239, 0, 0]","[1239, 0, 0, 0]"
Presidential Election,2011,Limerick ,Independent,Mary Davis,5,36876,66345,36876,36517,359,"[819, 0, 0, 0]","[819, 819, 819, 819]"
Presidential Election,2011,Limerick City ,Independent,Sean Gallagher,1,34725,66421,34725,34362,363,"[7643, 355, 338, 1090]","[7643, 7998, 8336, 9426]"
Presidential Election,2011,Limerick City ,Labour Party,Michael D. Higgins,1,34725,66421,34725,34362,363,"[16935, 504, 1270, 4011]","[16935, 17439, 18709, 22720]"
Presidential Election,2011,Limerick City ,Sinn Féin,Martin McGuinness,1,34725,66421,34725,34362,363,"[4150, 138, 221, -4509]","[4150, 4288, 4509, 0]"
Presidential Election,2011,Limerick City ,Fine Gael,Gay Mitchell,1,34725,66421,34725,34362,363,"[1917, 253, 143, 0]","[1917, 2170, 2313, 2313]"
Presidential Election,2011,Limerick City ,Independent,David Norris,1,34725,66421,34725,34362,363,"[2065, 137, -2202, 0]","[2065, 2202, 0, 0]"
Presidential Election,2011,Limerick City ,Independent,Dana Rosemary Scallon,1,34725,66421,34725,34362,363,"[1004, -1004, 0, 0]","[1004, 0, 0, 0]"
Presidential Election,2011,Limerick City ,Independent,Mary Davis,1,34725,66421,34725,34362,363,"[648, 0, 0, 0]","[648, 648, 648, 648]"
Presidential Election,2011,Longford–Westmeath ,Independent,Sean Gallagher,1,45543,85911,45543,45059,484,"[15166, 646, 362, 2101]","[15166, 15812, 16174, 18275]"
Presidential Election,2011,Longford–Westmeath ,Labour Party,Michael D. Higgins,1,45543,85911,45543,45059,484,"[15987, 661, 1180, 5616]","[15987, 16648, 17828, 23444]"
Presidential Election,2011,Longford–Westmeath ,Sinn Féin,Martin McGuinness,1,45543,85911,45543,45059,484,"[5885, 281, 294, -6460]","[5885, 6166, 6460, 0]"
Presidential Election,2011,Longford–Westmeath ,Fine Gael,Gay Mitchell,1,45543,85911,45543,45059,484,"[3372, 351, 183, 0]","[3372, 3723, 3906, 3906]"
Presidential Election,2011,Longford–Westmeath ,Independent,David Norris,1,45543,85911,45543,45059,484,"[2154, 153, -2307, 0]","[2154, 2307, 0, 0]"
Presidential Election,2011,Longford–Westmeath ,Independent,Dana Rosemary Scallon,1,45543,85911,45543,45059,484,"[1550, -1550, 0, 0]","[1550, 0, 0, 0]"
Presidential Election,2011,Longford–Westmeath ,Independent,Mary Davis,1,45543,85911,45543,45059,484,"[945, 0, 0, 0]","[945, 945, 945, 945]"
Presidential Election,2011,Louth ,Independent,Sean Gallagher,1,58126,102941,58126,57453,673,"[17027, 582, 543, 3154]","[17027, 17609, 18152, 21306]"
Presidential Election,2011,Louth ,Labour Party,Michael D. Higgins,1,58126,102941,58126,57453,673,"[20844, 771, 1784, 7250]","[20844, 21615, 23399, 30649]"
Presidential Election,2011,Louth ,Sinn Féin,Martin McGuinness,1,58126,102941,58126,57453,673,"[11499, 302, 434, -12235]","[11499, 11801, 12235, 0]"
Presidential Election,2011,Louth ,Fine Gael,Gay Mitchell,1,58126,102941,58126,57453,673,"[2359, 307, 225, 0]","[2359, 2666, 2891, 2891]"
Presidential Election,2011,Louth ,Independent,David Norris,1,58126,102941,58126,57453,673,"[3141, 215, -3356, 0]","[3141, 3356, 0, 0]"
Presidential Election,2011,Louth ,Independent,Dana Rosemary Scallon,1,58126,102941,58126,57453,673,"[1267, -1267, 0, 0]","[1267, 0, 0, 0]"
Presidential Election,2011,Louth ,Independent,Mary Davis,1,58126,102941,58126,57453,673,"[1316, 0, 0, 0]","[1316, 1316, 1316, 1316]"
Presidential Election,2011,Mayo ,Independent,Sean Gallagher,4,53627,97714,53627,53060,567,"[13370, 1755, 269, 2170]","[13370, 15125, 15394, 17564]"
Presidential Election,2011,Mayo ,Labour Party,Michael D. Higgins,4,53627,97714,53627,53060,567,"[20329, 2503, 887, 8024]","[20329, 22832, 23719, 31743]"
Presidential Election,2011,Mayo ,Sinn Féin,Martin McGuinness,4,53627,97714,53627,53060,567,"[6300, 611, 197, -7108]","[6300, 6911, 7108, 0]"
Presidential Election,2011,Mayo ,Fine Gael,Gay Mitchell,4,53627,97714,53627,53060,567,"[4878, 866, 144, 0]","[4878, 5744, 5888, 5888]"
Presidential Election,2011,Mayo ,Independent,David Norris,4,53627,97714,53627,53060,567,"[1483, 228, -1711, 0]","[1483, 1711, 0, 0]"
Presidential Election,2011,Mayo ,Independent,Dana Rosemary Scallon,4,53627,97714,53627,53060,567,"[1719, -1719, 0, 0]","[1719, 0, 0, 0]"
Presidential Election,2011,Mayo ,Independent,Mary Davis,4,53627,97714,53627,53060,567,"[4981, 0, 0, 0]","[4981, 4981, 4981, 4981]"
Presidential Election,2011,Meath East ,Independent,Sean Gallagher,7,35453,65477,35453,35144,309,"[11300, 439, 475, 1414]","[11300, 11739, 12214, 13628]"
Presidential Election,2011,Meath East ,Labour Party,Michael D. Higgins,7,35453,65477,35453,35144,309,"[13397, 537, 1292, 4000]","[13397, 13934, 15226, 19226]"
Presidential Election,2011,Meath East ,Sinn Féin,Martin McGuinness,7,35453,65477,35453,35144,309,"[4095, 134, 250, -4479]","[4095, 4229, 4479, 0]"
Presidential Election,2011,Meath East ,Fine Gael,Gay Mitchell,7,35453,65477,35453,35144,309,"[2199, 259, 196, 0]","[2199, 2458, 2654, 2654]"
Presidential Election,2011,Meath East ,Independent,David Norris,7,35453,65477,35453,35144,309,"[2340, 146, -2486, 0]","[2340, 2486, 0, 0]"
Presidential Election,2011,Meath East ,Independent,Dana Rosemary Scallon,7,35453,65477,35453,35144,309,"[818, -818, 0, 0]","[818, 0, 0, 0]"
Presidential Election,2011,Meath East ,Independent,Mary Davis,7,35453,65477,35453,35144,309,"[995, 0, 0, 0]","[995, 995, 995, 995]"
Presidential Election,2011,Meath West ,Independent,Sean Gallagher,1,33071,63111,33071,32747,324,"[10972, 430, 373, 1583]","[10972, 11402, 11775, 13358]"
Presidential Election,2011,Meath West ,Labour Party,Michael D. Higgins,1,33071,63111,33071,32747,324,"[11280, 477, 1031, 3981]","[11280, 11757, 12788, 16769]"
Presidential Election,2011,Meath West ,Sinn Féin,Martin McGuinness,1,33071,63111,33071,32747,324,"[4865, 149, 227, -5241]","[4865, 5014, 5241, 0]"
Presidential Election,2011,Meath West ,Fine Gael,Gay Mitchell,1,33071,63111,33071,32747,324,"[1982, 251, 182, 0]","[1982, 2233, 2415, 2415]"
Presidential Election,2011,Meath West ,Independent,David Norris,1,33071,63111,33071,32747,324,"[1928, 141, -2069, 0]","[1928, 2069, 0, 0]"
Presidential Election,2011,Meath West ,Independent,Dana Rosemary Scallon,1,33071,63111,33071,32747,324,"[889, -889, 0, 0]","[889, 0, 0, 0]"
Presidential Election,2011,Meath West ,Independent,Mary Davis,1,33071,63111,33071,32747,324,"[831, 0, 0, 0]","[831, 831, 831, 831]"
Presidential Election,2011,Roscommon–South Leitrim ,Independent,Sean Gallagher,6,36486,60416,36486,36092,394,"[13011, 688, 291, 1947]","[13011, 13699, 13990, 15937]"
Presidential Election,2011,Roscommon–South Leitrim ,Labour Party,Michael D. Higgins,6,36486,60416,36486,36092,394,"[11480, 710, 721, 4372]","[11480, 12190, 12911, 17283]"
Presidential Election,2011,Roscommon–South Leitrim ,Sinn Féin,Martin McGuinness,6,36486,60416,36486,36092,394,"[5286, 303, 218, -5807]","[5286, 5589, 5807, 0]"
Presidential Election,2011,Roscommon–South Leitrim ,Fine Gael,Gay Mitchell,6,36486,60416,36486,36092,394,"[2334, 331, 94, 0]","[2334, 2665, 2759, 2759]"
Presidential Election,2011,Roscommon–South Leitrim ,Independent,David Norris,6,36486,60416,36486,36092,394,"[1322, 185, -1507, 0]","[1322, 1507, 0, 0]"
Presidential Election,2011,Roscommon–South Leitrim ,Independent,Dana Rosemary Scallon,6,36486,60416,36486,36092,394,"[1589, -1589, 0, 0]","[1589, 0, 0, 0]"
Presidential Election,2011,Roscommon–South Leitrim ,Independent,Mary Davis,6,36486,60416,36486,36092,394,"[1070, 0, 0, 0]","[1070, 1070, 1070, 1070]"
Presidential Election,2011,Sligo–North Leitrim ,Independent,Sean Gallagher,2,34251,62152,34251,33890,361,"[9943, 654, 229, 1817]","[9943, 10597, 10826, 12643]"
Presidential Election,2011,Sligo–North Leitrim ,Labour Party,Michael D. Higgins,2,34251,62152,34251,33890,361,"[12363, 766, 808, 4594]","[12363, 13129, 13937, 18531]"
Presidential Election,2011,Sligo–North Leitrim ,Sinn Féin,Martin McGuinness,2,34251,62152,34251,33890,361,"[5464, 268, 179, -5911]","[5464, 5732, 5911, 0]"
Presidential Election,2011,Sligo–North Leitrim ,Fine Gael,Gay Mitchell,2,34251,62152,34251,33890,361,"[2360, 300, 108, 0]","[2360, 2660, 2768, 2768]"
Presidential Election,2011,Sligo–North Leitrim ,Independent,David Norris,2,34251,62152,34251,33890,361,"[1349, 106, -1455, 0]","[1349, 1455, 0, 0]"
Presidential Election,2011,Sligo–North Leitrim ,Independent,Dana Rosemary Scallon,2,34251,62152,34251,33890,361,"[1299, -1299, 0, 0]","[1299, 0, 0, 0]"
Presidential Election,2011,Sligo–North Leitrim ,Independent,Mary Davis,2,34251,62152,34251,33890,361,"[1112, 0, 0, 0]","[1112, 1112, 1112, 1112]"
Presidential Election,2011,Tipperary North ,Independent,Sean Gallagher,3,38381,62603,38381,37942,439,"[13491, 597, 280, 1778]","[13491, 14088, 14368, 16146]"
Presidential Election,2011,Tipperary North ,Labour Party,Michael D. Higgins,3,38381,62603,38381,37942,439,"[13197, 627, 768, 4672]","[13197, 13824, 14592, 19264]"
Presidential Election,2011,Tipperary North ,Sinn Féin,Martin McGuinness,3,38381,62603,38381,37942,439,"[4459, 180, 155, -4794]","[4459, 4639, 4794, 0]"
Presidential Election,2011,Tipperary North ,Fine Gael,Gay Mitchell,3,38381,62603,38381,37942,439,"[3121, 359, 130, 0]","[3121, 3480, 3610, 3610]"
Presidential Election,2011,Tipperary North ,Independent,David Norris,3,38381,62603,38381,37942,439,"[1385, 126, -1511, 0]","[1385, 1511, 0, 0]"
Presidential Election,2011,Tipperary North ,Independent,Dana Rosemary Scallon,3,38381,62603,38381,37942,439,"[1399, -1399, 0, 0]","[1399, 0, 0, 0]"
Presidential Election,2011,Tipperary North ,Independent,Mary Davis,3,38381,62603,38381,37942,439,"[890, 0, 0, 0]","[890, 890, 890, 890]"
Presidential Election,2011,Tipperary South ,Independent,Sean Gallagher,5,32618,56295,32618,32270,348,"[11003, 438, 292, 1454]","[11003, 11441, 11733, 13187]"
Presidential Election,2011,Tipperary South ,Labour Party,Michael D. Higgins,5,32618,56295,32618,32270,348,"[11411, 523, 710, 4041]","[11411, 11934, 12644, 16685]"
Presidential Election,2011,Tipperary South ,Sinn Féin,Martin McGuinness,5,32618,56295,32618,32270,348,"[4188, 156, 185, -4529]","[4188, 4344, 4529, 0]"
Presidential Election,2011,Tipperary South ,Fine Gael,Gay Mitchell,5,32618,56295,32618,32270,348,"[2517, 230, 126, 0]","[2517, 2747, 2873, 2873]"
Presidential Election,2011,Tipperary South ,Independent,David Norris,5,32618,56295,32618,32270,348,"[1415, 118, -1533, 0]","[1415, 1533, 0, 0]"
Presidential Election,2011,Tipperary South ,Independent,Dana Rosemary Scallon,5,32618,56295,32618,32270,348,"[975, -975, 0, 0]","[975, 0, 0, 0]"
Presidential Election,2011,Tipperary South ,Independent,Mary Davis,5,32618,56295,32618,32270,348,"[761, 0, 0, 0]","[761, 761, 761, 761]"
Presidential Election,2011,Waterford ,Independent,Sean Gallagher,0,42731,78960,42731,42260,471,"[13107, 478, 473, 1845]","[13107, 13585, 14058, 15903]"
Presidential Election,2011,Waterford ,Labour Party,Michael D. Higgins,0,42731,78960,42731,42260,471,"[16340, 629, 1310, 4781]","[16340, 16969, 18279, 23060]"
Presidential Election,2011,Waterford ,Sinn Féin,Martin McGuinness,0,42731,78960,42731,42260,471,"[5737, 191, 341, -6269]","[5737, 5928, 6269, 0]"
Presidential Election,2011,Waterford ,Fine Gael,Gay Mitchell,0,42731,78960,42731,42260,471,"[2489, 278, 179, 0]","[2489, 2767, 2946, 2946]"
Presidential Election,2011,Waterford ,Independent,David Norris,0,42731,78960,42731,42260,471,"[2451, 159, -2610, 0]","[2451, 2610, 0, 0]"
Presidential Election,2011,Waterford ,Independent,Dana Rosemary Scallon,0,42731,78960,42731,42260,471,"[1218, -1218, 0, 0]","[1218, 0, 0, 0]"
Presidential Election,2011,Waterford ,Independent,Mary Davis,0,42731,78960,42731,42260,471,"[918, 0, 0, 0]","[918, 918, 918, 918]"
Presidential Election,2011,Wexford ,Independent,Sean Gallagher,0,58629,108490,58629,58002,627,"[19685, 804, 567, 2777]","[19685, 20489, 21056, 23833]"
Presidential Election,2011,Wexford ,Labour Party,Michael D. Higgins,0,58629,108490,58629,58002,627,"[21010, 759, 1474, 6514]","[21010, 21769, 23243, 29757]"
Presidential Election,2011,Wexford ,Sinn Féin,Martin McGuinness,0,58629,108490,58629,58002,627,"[8112, 242, 329, -8683]","[8112, 8354, 8683, 0]"
Presidential Election,2011,Wexford ,Fine Gael,Gay Mitchell,0,58629,108490,58629,58002,627,"[3459, 402, 240, 0]","[3459, 3861, 4101, 4101]"
Presidential Election,2011,Wexford ,Independent,David Norris,0,58629,108490,58629,58002,627,"[2797, 195, -2992, 0]","[2797, 2992, 0, 0]"
Presidential Election,2011,Wexford ,Independent,Dana Rosemary Scallon,0,58629,108490,58629,58002,627,"[1477, -1477, 0, 0]","[1477, 0, 0, 0]"
Presidential Election,2011,Wexford ,Independent,Mary Davis,0,58629,108490,58629,58002,627,"[1462, 0, 0, 0]","[1462, 1462, 1462, 1462]"
Presidential Election,2011,Wicklow ,Independent,Sean Gallagher,2,57915,93812,57915,57324,591,"[16299, 792, 791, 2270]","[16299, 17091, 17882, 20152]"
Presidential Election,2011,Wicklow ,Labour Party,Michael D. Higgins,2,57915,93812,57915,57324,591,"[23873, 985, 2663, 5720]","[23873, 24858, 27521, 33241]"
Presidential Election,2011,Wicklow ,Sinn Féin,Martin McGuinness,2,57915,93812,57915,57324,591,"[6644, 276, 454, -7374]","[6644, 6920, 7374, 0]"
Presidential Election,2011,Wicklow ,Fine Gael,Gay Mitchell,2,57915,93812,57915,57324,591,"[2736, 446, 360, 0]","[2736, 3182, 3542, 3542]"
Presidential Election,2011,Wicklow ,Independent,David Norris,2,57915,93812,57915,57324,591,"[4599, 212, -4811, 0]","[4599, 4811, 0, 0]"
Presidential Election,2011,Wicklow ,Independent,Dana Rosemary Scallon,2,57915,93812,57915,57324,591,"[1386, -1386, 0, 0]","[1386, 0, 0, 0]"
Presidential Election,2011,Wicklow ,Independent,Mary Davis,2,57915,93812,57915,57324,591,"[1787, 0, 0, 0]","[1787, 1787, 1787, 1787]"
Presidential Election,1997,-Total-,Fianna Fáil,Mary McAleese,9,1279688,2739529,1279688,1269836,9852,"[574424, 131835]","[574424, 706259]"
Presidential Election,1997,-Total-,Fine Gael,Mary Banotti,9,1279688,2739529,1279688,1269836,9852,"[372002, 125514]","[372002, 497516]"
Presidential Election,1997,-Total-,Independent,Dana Rosemary Scallon,9,1279688,2739529,1279688,1269836,9852,"[175458, -175458]","[175458, 0]"
Presidential Election,1997,-Total-,Labour Party,Adi Roche,9,1279688,2739529,1279688,1269836,9852,"[88423, 0]","[88423, 88423]"
Presidential Election,1997,-Total-,Independent,Derek Nally,9,1279688,2739529,1279688,1269836,9852,"[59529, 0]","[59529, 59529]"
Presidential Election,1997,Carlow–Kilkenny ,Fianna Fáil,Mary McAleese,6,43422,85696,43422,43064,358,"[19949, 4346]","[19949, 24295]"
Presidential Election,1997,Carlow–Kilkenny ,Fine Gael,Mary Banotti,6,43422,85696,43422,43064,358,"[11962, 4512]","[11962, 16474]"
Presidential Election,1997,Carlow–Kilkenny ,Independent,Dana Rosemary Scallon,6,43422,85696,43422,43064,358,"[5177, -5177]","[5177, 0]"
Presidential Election,1997,Carlow–Kilkenny ,Labour Party,Adi Roche,6,43422,85696,43422,43064,358,"[2936, 0]","[2936, 2936]"
Presidential Election,1997,Carlow–Kilkenny ,Independent,Derek Nally,6,43422,85696,43422,43064,358,"[3040, 0]","[3040, 3040]"
Presidential Election,1997,Cavan–Monaghan ,Fianna Fáil,Mary McAleese,5,40198,83185,40198,39889,309,"[21749, 4266]","[21749, 26015]"
Presidential Election,1997,Cavan–Monaghan ,Fine Gael,Mary Banotti,5,40198,83185,40198,39889,309,"[9299, 2860]","[9299, 12159]"
Presidential Election,1997,Cavan–Monaghan ,Independent,Dana Rosemary Scallon,5,40198,83185,40198,39889,309,"[6346, -6346]","[6346, 0]"
Presidential Election,1997,Cavan–Monaghan ,Labour Party,Adi Roche,5,40198,83185,40198,39889,309,"[1373, 0]","[1373, 1373]"
Presidential Election,1997,Cavan–Monaghan ,Independent,Derek Nally,5,40198,83185,40198,39889,309,"[1122, 0]","[1122, 1122]"
Presidential Election,1997,Clare ,Fianna Fáil,Mary McAleese,3,35184,71113,35184,34944,240,"[17970, 3796]","[17970, 21766]"
Presidential Election,1997,Clare ,Fine Gael,Mary Banotti,3,35184,71113,35184,34944,240,"[8353, 3189]","[8353, 11542]"
Presidential Election,1997,Clare ,Independent,Dana Rosemary Scallon,3,35184,71113,35184,34944,240,"[5095, -5095]","[5095, 0]"
Presidential Election,1997,Clare ,Labour Party,Adi Roche,3,35184,71113,35184,34944,240,"[1889, 0]","[1889, 1889]"
Presidential Election,1997,Clare ,Independent,Derek Nally,3,35184,71113,35184,34944,240,"[1637, 0]","[1637, 1637]"
Presidential Election,1997,Cork East ,Fianna Fáil,Mary McAleese,9,33622,63489,33622,33414,208,"[15598, 3620]","[15598, 19218]"
Presidential Election,1997,Cork East ,Fine Gael,Mary Banotti,9,33622,63489,33622,33414,208,"[8859, 3346]","[8859, 12205]"
Presidential Election,1997,Cork East ,Independent,Dana Rosemary Scallon,9,33622,63489,33622,33414,208,"[4450, -4450]","[4450, 0]"
Presidential Election,1997,Cork East ,Labour Party,Adi Roche,9,33622,63489,33622,33414,208,"[3444, 0]","[3444, 3444]"
Presidential Election,1997,Cork East ,Independent,Derek Nally,9,33622,63489,33622,33414,208,"[1063, 0]","[1063, 1063]"
Presidential Election,1997,Cork North–Central ,Fianna Fáil,Mary McAleese,5,32674,71865,32674,32414,260,"[14322, 3817]","[14322, 18139]"
Presidential Election,1997,Cork North–Central ,Fine Gael,Mary Banotti,5,32674,71865,32674,32414,260,"[8348, 3853]","[8348, 12201]"
Presidential Election,1997,Cork North–Central ,Independent,Dana Rosemary Scallon,5,32674,71865,32674,32414,260,"[3742, -3742]","[3742, 0]"
Presidential Election,1997,Cork North–Central ,Labour Party,Adi Roche,5,32674,71865,32674,32414,260,"[4808, 0]","[4808, 4808]"
Presidential Election,1997,Cork North–Central ,Independent,Derek Nally,5,32674,71865,32674,32414,260,"[1194, 0]","[1194, 1194]"
Presidential Election,1997,Cork North–West ,Fianna Fáil,Mary McAleese,4,28136,46884,28136,27934,202,"[13086, 2739]","[13086, 15825]"
Presidential Election,1997,Cork North–West ,Fine Gael,Mary Banotti,4,28136,46884,28136,27934,202,"[8214, 2473]","[8214, 10687]"
Presidential Election,1997,Cork North–West ,Independent,Dana Rosemary Scallon,4,28136,46884,28136,27934,202,"[3567, -3567]","[3567, 0]"
Presidential Election,1997,Cork North–West ,Labour Party,Adi Roche,4,28136,46884,28136,27934,202,"[2291, 0]","[2291, 2291]"
Presidential Election,1997,Cork North–West ,Independent,Derek Nally,4,28136,46884,28136,27934,202,"[776, 0]","[776, 776]"
Presidential Election,1997,Cork South–Central ,Fianna Fáil,Mary McAleese,8,44126,84458,44126,43808,318,"[19410, 5027]","[19410, 24437]"
Presidential Election,1997,Cork South–Central ,Fine Gael,Mary Banotti,8,44126,84458,44126,43808,318,"[12609, 4412]","[12609, 17021]"
Presidential Election,1997,Cork South–Central ,Independent,Dana Rosemary Scallon,8,44126,84458,44126,43808,318,"[4461, -4461]","[4461, 0]"
Presidential Election,1997,Cork South–Central ,Labour Party,Adi Roche,8,44126,84458,44126,43808,318,"[5434, 0]","[5434, 5434]"
Presidential Election,1997,Cork South–Central ,Independent,Derek Nally,8,44126,84458,44126,43808,318,"[1894, 0]","[1894, 1894]"
Presidential Election,1997,Cork South–West ,Fianna Fáil,Mary McAleese,6,27710,47966,27710,27473,237,"[12616, 2440]","[12616, 15056]"
Presidential Election,1997,Cork South–West ,Fine Gael,Mary Banotti,6,27710,47966,27710,27473,237,"[8808, 2518]","[8808, 11326]"
Presidential Election,1997,Cork South–West ,Independent,Dana Rosemary Scallon,6,27710,47966,27710,27473,237,"[3016, -3016]","[3016, 0]"
Presidential Election,1997,Cork South–West ,Labour Party,Adi Roche,6,27710,47966,27710,27473,237,"[2208, 0]","[2208, 2208]"
Presidential Election,1997,Cork South–West ,Independent,Derek Nally,6,27710,47966,27710,27473,237,"[825, 0]","[825, 825]"
Presidential Election,1997,Donegal North–East ,Fianna Fáil,Mary McAleese,3,20970,52723,20970,20780,190,"[11008, 3105]","[11008, 14113]"
Presidential Election,1997,Donegal North–East ,Fine Gael,Mary Banotti,3,20970,52723,20970,20780,190,"[3313, 1531]","[3313, 4844]"
Presidential Election,1997,Donegal North–East ,Independent,Dana Rosemary Scallon,3,20970,52723,20970,20780,190,"[5136, -5136]","[5136, 0]"
Presidential Election,1997,Donegal North–East ,Labour Party,Adi Roche,3,20970,52723,20970,20780,190,"[748, 0]","[748, 748]"
Presidential Election,1997,Donegal North–East ,Independent,Derek Nally,3,20970,52723,20970,20780,190,"[575, 0]","[575, 575]"
Presidential Election,1997,Donegal South–West ,Fianna Fáil,Mary McAleese,1,21599,51661,21599,21414,185,"[11060, 3000]","[11060, 14060]"
Presidential Election,1997,Donegal South–West ,Fine Gael,Mary Banotti,1,21599,51661,21599,21414,185,"[3958, 1615]","[3958, 5573]"
Presidential Election,1997,Donegal South–West ,Independent,Dana Rosemary Scallon,1,21599,51661,21599,21414,185,"[5025, -5025]","[5025, 0]"
Presidential Election,1997,Donegal South–West ,Labour Party,Adi Roche,1,21599,51661,21599,21414,185,"[826, 0]","[826, 826]"
Presidential Election,1997,Donegal South–West ,Independent,Derek Nally,1,21599,51661,21599,21414,185,"[545, 0]","[545, 545]"
Presidential Election,1997,Dublin Central ,Fianna Fáil,Mary McAleese,9,22024,63899,22024,21790,234,"[9226, 2123]","[9226, 11349]"
Presidential Election,1997,Dublin Central ,Fine Gael,Mary Banotti,9,22024,63899,22024,21790,234,"[6864, 2276]","[6864, 9140]"
Presidential Election,1997,Dublin Central ,Independent,Dana Rosemary Scallon,9,22024,63899,22024,21790,234,"[2920, -2920]","[2920, 0]"
Presidential Election,1997,Dublin Central ,Labour Party,Adi Roche,9,22024,63899,22024,21790,234,"[1605, 0]","[1605, 1605]"
Presidential Election,1997,Dublin Central ,Independent,Derek Nally,9,22024,63899,22024,21790,234,"[1175, 0]","[1175, 1175]"
Presidential Election,1997,Dublin North ,Fianna Fáil,Mary McAleese,6,29541,63916,29541,29333,208,"[12599, 2550]","[12599, 15149]"
Presidential Election,1997,Dublin North ,Fine Gael,Mary Banotti,6,29541,63916,29541,29333,208,"[10161, 2852]","[10161, 13013]"
Presidential Election,1997,Dublin North ,Independent,Dana Rosemary Scallon,6,29541,63916,29541,29333,208,"[3364, -3364]","[3364, 0]"
Presidential Election,1997,Dublin North ,Labour Party,Adi Roche,6,29541,63916,29541,29333,208,"[1918, 0]","[1918, 1918]"
Presidential Election,1997,Dublin North ,Independent,Derek Nally,6,29541,63916,29541,29333,208,"[1291, 0]","[1291, 1291]"
Presidential Election,1997,Dublin North–Central ,Fianna Fáil,Mary McAleese,1,31348,66431,31348,31070,278,"[12949, 2894]","[12949, 15843]"
Presidential Election,1997,Dublin North–Central ,Fine Gael,Mary Banotti,1,31348,66431,31348,31070,278,"[10789, 3114]","[10789, 13903]"
Presidential Election,1997,Dublin North–Central ,Independent,Dana Rosemary Scallon,1,31348,66431,31348,31070,278,"[4044, -4044]","[4044, 0]"
Presidential Election,1997,Dublin North–Central ,Labour Party,Adi Roche,1,31348,66431,31348,31070,278,"[1946, 0]","[1946, 1946]"
Presidential Election,1997,Dublin North–Central ,Independent,Derek Nally,1,31348,66431,31348,31070,278,"[1342, 0]","[1342, 1342]"
Presidential Election,1997,Dublin North–East ,Fianna Fáil,Mary McAleese,8,24817,59258,24817,24634,183,"[10132, 2242]","[10132, 12374]"
Presidential Election,1997,Dublin North–East ,Fine Gael,Mary Banotti,8,24817,59258,24817,24634,183,"[8728, 2386]","[8728, 11114]"
Presidential Election,1997,Dublin North–East ,Independent,Dana Rosemary Scallon,8,24817,59258,24817,24634,183,"[2890, -2890]","[2890, 0]"
Presidential Election,1997,Dublin North–East ,Labour Party,Adi Roche,8,24817,59258,24817,24634,183,"[1770, 0]","[1770, 1770]"
Presidential Election,1997,Dublin North–East ,Independent,Derek Nally,8,24817,59258,24817,24634,183,"[1114, 0]","[1114, 1114]"
Presidential Election,1997,Dublin North–West ,Fianna Fáil,Mary McAleese,2,23910,60172,23910,23702,208,"[9910, 2270]","[9910, 12180]"
Presidential Election,1997,Dublin North–West ,Fine Gael,Mary Banotti,2,23910,60172,23910,23702,208,"[7806, 2531]","[7806, 10337]"
Presidential Election,1997,Dublin North–West ,Independent,Dana Rosemary Scallon,2,23910,60172,23910,23702,208,"[3037, -3037]","[3037, 0]"
Presidential Election,1997,Dublin North–West ,Labour Party,Adi Roche,2,23910,60172,23910,23702,208,"[1769, 0]","[1769, 1769]"
Presidential Election,1997,Dublin North–West ,Independent,Derek Nally,2,23910,60172,23910,23702,208,"[1180, 0]","[1180, 1180]"
Presidential Election,1997,Dublin South ,Fianna Fáil,Mary McAleese,5,45021,89955,45021,44758,263,"[16053, 3726]","[16053, 19779]"
Presidential Election,1997,Dublin South ,Fine Gael,Mary Banotti,5,45021,89955,45021,44758,263,"[18766, 4670]","[18766, 23436]"
Presidential Election,1997,Dublin South ,Independent,Dana Rosemary Scallon,5,45021,89955,45021,44758,263,"[5360, -5360]","[5360, 0]"
Presidential Election,1997,Dublin South ,Labour Party,Adi Roche,5,45021,89955,45021,44758,263,"[2589, 0]","[2589, 2589]"
Presidential Election,1997,Dublin South ,Independent,Derek Nally,5,45021,89955,45021,44758,263,"[1990, 0]","[1990, 1990]"
Presidential Election,1997,Dublin South–Central ,Fianna Fáil,Mary McAleese,5,28737,67985,28737,28456,281,"[10636, 2546]","[10636, 13182]"
Presidential Election,1997,Dublin South–Central ,Fine Gael,Mary Banotti,5,28737,67985,28737,28456,281,"[10900, 2987]","[10900, 13887]"
Presidential Election,1997,Dublin South–Central ,Independent,Dana Rosemary Scallon,5,28737,67985,28737,28456,281,"[3636, -3636]","[3636, 0]"
Presidential Election,1997,Dublin South–Central ,Labour Party,Adi Roche,5,28737,67985,28737,28456,281,"[1909, 0]","[1909, 1909]"
Presidential Election,1997,Dublin South–Central ,Independent,Derek Nally,5,28737,67985,28737,28456,281,"[1375, 0]","[1375, 1375]"
Presidential Election,1997,Dublin South–East ,Fianna Fáil,Mary McAleese,6,28632,63476,28632,28374,258,"[9338, 2230]","[9338, 11568]"
Presidential Election,1997,Dublin South–East ,Fine Gael,Mary Banotti,6,28632,63476,28632,28374,258,"[12692, 3011]","[12692, 15703]"
Presidential Election,1997,Dublin South–East ,Independent,Dana Rosemary Scallon,6,28632,63476,28632,28374,258,"[3403, -3403]","[3403, 0]"
Presidential Election,1997,Dublin South–East ,Labour Party,Adi Roche,6,28632,63476,28632,28374,258,"[1885, 0]","[1885, 1885]"
Presidential Election,1997,Dublin South–East ,Independent,Derek Nally,6,28632,63476,28632,28374,258,"[1056, 0]","[1056, 1056]"
Presidential Election,1997,Dublin South–West ,Fianna Fáil,Mary McAleese,0,26198,75760,26198,26001,197,"[10366, 2554]","[10366, 12920]"
Presidential Election,1997,Dublin South–West ,Fine Gael,Mary Banotti,0,26198,75760,26198,26001,197,"[8879, 2855]","[8879, 11734]"
Presidential Election,1997,Dublin South–West ,Independent,Dana Rosemary Scallon,0,26198,75760,26198,26001,197,"[3384, -3384]","[3384, 0]"
Presidential Election,1997,Dublin South–West ,Labour Party,Adi Roche,0,26198,75760,26198,26001,197,"[1833, 0]","[1833, 1833]"
Presidential Election,1997,Dublin South–West ,Independent,Derek Nally,0,26198,75760,26198,26001,197,"[1539, 0]","[1539, 1539]"
Presidential Election,1997,Dublin West ,Fianna Fáil,Mary McAleese,2,26351,66462,26351,26185,166,"[10678, 2521]","[10678, 13199]"
Presidential Election,1997,Dublin West ,Fine Gael,Mary Banotti,2,26351,66462,26351,26185,166,"[8965, 2883]","[8965, 11848]"
Presidential Election,1997,Dublin West ,Independent,Dana Rosemary Scallon,2,26351,66462,26351,26185,166,"[3363, -3363]","[3363, 0]"
Presidential Election,1997,Dublin West ,Labour Party,Adi Roche,2,26351,66462,26351,26185,166,"[1675, 0]","[1675, 1675]"
Presidential Election,1997,Dublin West ,Independent,Derek Nally,2,26351,66462,26351,26185,166,"[1504, 0]","[1504, 1504]"
Presidential Election,1997,Dún Laoghaire ,Fianna Fáil,Mary McAleese,1,42217,87091,42217,41935,282,"[14310, 3368]","[14310, 17678]"
Presidential Election,1997,Dún Laoghaire ,Fine Gael,Mary Banotti,1,42217,87091,42217,41935,282,"[18415, 4330]","[18415, 22745]"
Presidential Election,1997,Dún Laoghaire ,Independent,Dana Rosemary Scallon,1,42217,87091,42217,41935,282,"[4882, -4882]","[4882, 0]"
Presidential Election,1997,Dún Laoghaire ,Labour Party,Adi Roche,1,42217,87091,42217,41935,282,"[2696, 0]","[2696, 2696]"
Presidential Election,1997,Dún Laoghaire ,Independent,Derek Nally,1,42217,87091,42217,41935,282,"[1632, 0]","[1632, 1632]"
Presidential Election,1997,Galway East ,Fianna Fáil,Mary McAleese,1,30984,61331,30984,30736,248,"[15979, 3339]","[15979, 19318]"
Presidential Election,1997,Galway East ,Fine Gael,Mary Banotti,1,30984,61331,30984,30736,248,"[7352, 2651]","[7352, 10003]"
Presidential Election,1997,Galway East ,Independent,Dana Rosemary Scallon,1,30984,61331,30984,30736,248,"[5044, -5044]","[5044, 0]"
Presidential Election,1997,Galway East ,Labour Party,Adi Roche,1,30984,61331,30984,30736,248,"[1285, 0]","[1285, 1285]"
Presidential Election,1997,Galway East ,Independent,Derek Nally,1,30984,61331,30984,30736,248,"[1076, 0]","[1076, 1076]"
Presidential Election,1997,Galway West ,Fianna Fáil,Mary McAleese,6,35238,78266,35238,34971,267,"[16707, 3711]","[16707, 20418]"
Presidential Election,1997,Galway West ,Fine Gael,Mary Banotti,6,35238,78266,35238,34971,267,"[9495, 3479]","[9495, 12974]"
Presidential Election,1997,Galway West ,Independent,Dana Rosemary Scallon,6,35238,78266,35238,34971,267,"[5320, -5320]","[5320, 0]"
Presidential Election,1997,Galway West ,Labour Party,Adi Roche,6,35238,78266,35238,34971,267,"[2012, 0]","[2012, 2012]"
Presidential Election,1997,Galway West ,Independent,Derek Nally,6,35238,78266,35238,34971,267,"[1437, 0]","[1437, 1437]"
Presidential Election,1997,Kerry North ,Fianna Fáil,Mary McAleese,0,23295,51190,23295,23114,181,"[10753, 2793]","[10753, 13546]"
Presidential Election,1997,Kerry North ,Fine Gael,Mary Banotti,0,23295,51190,23295,23114,181,"[5266, 2676]","[5266, 7942]"
Presidential Election,1997,Kerry North ,Independent,Dana Rosemary Scallon,0,23295,51190,23295,23114,181,"[3367, -3367]","[3367, 0]"
Presidential Election,1997,Kerry North ,Labour Party,Adi Roche,0,23295,51190,23295,23114,181,"[3039, 0]","[3039, 3039]"
Presidential Election,1997,Kerry North ,Independent,Derek Nally,0,23295,51190,23295,23114,181,"[689, 0]","[689, 689]"
Presidential Election,1997,Kerry South ,Fianna Fáil,Mary McAleese,0,23180,47420,23180,22985,195,"[11586, 2523]","[11586, 14109]"
Presidential Election,1997,Kerry South ,Fine Gael,Mary Banotti,0,23180,47420,23180,22985,195,"[5384, 2247]","[5384, 7631]"
Presidential Election,1997,Kerry South ,Independent,Dana Rosemary Scallon,0,23180,47420,23180,22985,195,"[3162, -3162]","[3162, 0]"
Presidential Election,1997,Kerry South ,Labour Party,Adi Roche,0,23180,47420,23180,22985,195,"[2075, 0]","[2075, 2075]"
Presidential Election,1997,Kerry South ,Independent,Derek Nally,0,23180,47420,23180,22985,195,"[778, 0]","[778, 778]"
Presidential Election,1997,Kildare North ,Fianna Fáil,Mary McAleese,0,23124,52290,23124,22979,145,"[9496, 2245]","[9496, 11741]"
Presidential Election,1997,Kildare North ,Fine Gael,Mary Banotti,0,23124,52290,23124,22979,145,"[7657, 2552]","[7657, 10209]"
Presidential Election,1997,Kildare North ,Independent,Dana Rosemary Scallon,0,23124,52290,23124,22979,145,"[3101, -3101]","[3101, 0]"
Presidential Election,1997,Kildare North ,Labour Party,Adi Roche,0,23124,52290,23124,22979,145,"[1483, 0]","[1483, 1483]"
Presidential Election,1997,Kildare North ,Independent,Derek Nally,0,23124,52290,23124,22979,145,"[1242, 0]","[1242, 1242]"
Presidential Election,1997,Kildare South ,Fianna Fáil,Mary McAleese,0,20205,47880,20205,20093,112,"[9204, 1835]","[9204, 11039]"
Presidential Election,1997,Kildare South ,Fine Gael,Mary Banotti,0,20205,47880,20205,20093,112,"[6052, 1924]","[6052, 7976]"
Presidential Election,1997,Kildare South ,Independent,Dana Rosemary Scallon,0,20205,47880,20205,20093,112,"[2372, -2372]","[2372, 0]"
Presidential Election,1997,Kildare South ,Labour Party,Adi Roche,0,20205,47880,20205,20093,112,"[1426, 0]","[1426, 1426]"
Presidential Election,1997,Kildare South ,Independent,Derek Nally,0,20205,47880,20205,20093,112,"[1039, 0]","[1039, 1039]"
Presidential Election,1997,Laois–Offaly ,Fianna Fáil,Mary McAleese,5,41588,84815,41588,41293,295,"[20398, 4363]","[20398, 24761]"
Presidential Election,1997,Laois–Offaly ,Fine Gael,Mary Banotti,5,41588,84815,41588,41293,295,"[10878, 3607]","[10878, 14485]"
Presidential Election,1997,Laois–Offaly ,Independent,Dana Rosemary Scallon,5,41588,84815,41588,41293,295,"[6188, -6188]","[6188, 0]"
Presidential Election,1997,Laois–Offaly ,Labour Party,Adi Roche,5,41588,84815,41588,41293,295,"[2090, 0]","[2090, 2090]"
Presidential Election,1997,Laois–Offaly ,Independent,Derek Nally,5,41588,84815,41588,41293,295,"[1739, 0]","[1739, 1739]"
Presidential Election,1997,Limerick East ,Fianna Fáil,Mary McAleese,2,35779,77122,35779,35556,223,"[15080, 3413]","[15080, 18493]"
Presidential Election,1997,Limerick East ,Fine Gael,Mary Banotti,2,35779,77122,35779,35556,223,"[11529, 3679]","[11529, 15208]"
Presidential Election,1997,Limerick East ,Independent,Dana Rosemary Scallon,2,35779,77122,35779,35556,223,"[4998, -4998]","[4998, 0]"
Presidential Election,1997,Limerick East ,Labour Party,Adi Roche,2,35779,77122,35779,35556,223,"[2235, 0]","[2235, 2235]"
Presidential Election,1997,Limerick East ,Independent,Derek Nally,2,35779,77122,35779,35556,223,"[1714, 0]","[1714, 1714]"
Presidential Election,1997,Limerick West ,Fianna Fáil,Mary McAleese,4,24849,47974,24849,24631,218,"[11823, 2454]","[11823, 14277]"
Presidential Election,1997,Limerick West ,Fine Gael,Mary Banotti,4,24849,47974,24849,24631,218,"[6999, 2083]","[6999, 9082]"
Presidential Election,1997,Limerick West ,Independent,Dana Rosemary Scallon,4,24849,47974,24849,24631,218,"[3722, -3722]","[3722, 0]"
Presidential Election,1997,Limerick West ,Labour Party,Adi Roche,4,24849,47974,24849,24631,218,"[1201, 0]","[1201, 1201]"
Presidential Election,1997,Limerick West ,Independent,Derek Nally,4,24849,47974,24849,24631,218,"[886, 0]","[886, 886]"
Presidential Election,1997,Longford–Roscommon ,Fianna Fáil,Mary McAleese,2,32922,64002,32922,32656,266,"[15654, 3901]","[15654, 19555]"
Presidential Election,1997,Longford–Roscommon ,Fine Gael,Mary Banotti,2,32922,64002,32922,32656,266,"[8212, 3004]","[8212, 11216]"
Presidential Election,1997,Longford–Roscommon ,Independent,Dana Rosemary Scallon,2,32922,64002,32922,32656,266,"[6175, -6175]","[6175, 0]"
Presidential Election,1997,Longford–Roscommon ,Labour Party,Adi Roche,2,32922,64002,32922,32656,266,"[1159, 0]","[1159, 1159]"
Presidential Election,1997,Longford–Roscommon ,Independent,Derek Nally,2,32922,64002,32922,32656,266,"[1456, 0]","[1456, 1456]"
Presidential Election,1997,Louth ,Fianna Fáil,Mary McAleese,5,31477,71215,31477,31226,251,"[16356, 3171]","[16356, 19527]"
Presidential Election,1997,Louth ,Fine Gael,Mary Banotti,5,31477,71215,31477,31226,251,"[7322, 2693]","[7322, 10015]"
Presidential Election,1997,Louth ,Independent,Dana Rosemary Scallon,5,31477,71215,31477,31226,251,"[4337, -4337]","[4337, 0]"
Presidential Election,1997,Louth ,Labour Party,Adi Roche,5,31477,71215,31477,31226,251,"[1983, 0]","[1983, 1983]"
Presidential Election,1997,Louth ,Independent,Derek Nally,5,31477,71215,31477,31226,251,"[1228, 0]","[1228, 1228]"
Presidential Election,1997,Mayo ,Fianna Fáil,Mary McAleese,1,42106,88031,42106,41712,394,"[21174, 4377]","[21174, 25551]"
Presidential Election,1997,Mayo ,Fine Gael,Mary Banotti,1,42106,88031,42106,41712,394,"[10923, 3420]","[10923, 14343]"
Presidential Election,1997,Mayo ,Independent,Dana Rosemary Scallon,1,42106,88031,42106,41712,394,"[6601, -6601]","[6601, 0]"
Presidential Election,1997,Mayo ,Labour Party,Adi Roche,1,42106,88031,42106,41712,394,"[1666, 0]","[1666, 1666]"
Presidential Election,1997,Mayo ,Independent,Derek Nally,1,42106,88031,42106,41712,394,"[1348, 0]","[1348, 1348]"
Presidential Election,1997,Meath ,Fianna Fáil,Mary McAleese,6,39709,90336,39709,39430,279,"[18584, 3846]","[18584, 22430]"
Presidential Election,1997,Meath ,Fine Gael,Mary Banotti,6,39709,90336,39709,39430,279,"[11338, 3688]","[11338, 15026]"
Presidential Election,1997,Meath ,Independent,Dana Rosemary Scallon,6,39709,90336,39709,39430,279,"[5898, -5898]","[5898, 0]"
Presidential Election,1997,Meath ,Labour Party,Adi Roche,6,39709,90336,39709,39430,279,"[2123, 0]","[2123, 2123]"
Presidential Election,1997,Meath ,Independent,Derek Nally,6,39709,90336,39709,39430,279,"[1487, 0]","[1487, 1487]"
Presidential Election,1997,Sligo–Leitrim,Fianna Fáil,Mary McAleese,8,32349,64738,32349,32075,274,"[16162, 3750]","[16162, 19912]"
Presidential Election,1997,Sligo–Leitrim,Fine Gael,Mary Banotti,8,32349,64738,32349,32075,274,"[7909, 2820]","[7909, 10729]"
Presidential Election,1997,Sligo–Leitrim,Independent,Dana Rosemary Scallon,8,32349,64738,32349,32075,274,"[5290, -5290]","[5290, 0]"
Presidential Election,1997,Sligo–Leitrim,Labour Party,Adi Roche,8,32349,64738,32349,32075,274,"[1670, 0]","[1670, 1670]"
Presidential Election,1997,Sligo–Leitrim,Independent,Derek Nally,8,32349,64738,32349,32075,274,"[1044, 0]","[1044, 1044]"
Presidential Election,1997,Tipperary North ,Fianna Fáil,Mary McAleese,5,28583,54135,28583,28373,210,"[13316, 3057]","[13316, 16373]"
Presidential Election,1997,Tipperary North ,Fine Gael,Mary Banotti,5,28583,54135,28583,28373,210,"[7547, 2828]","[7547, 10375]"
Presidential Election,1997,Tipperary North ,Independent,Dana Rosemary Scallon,5,28583,54135,28583,28373,210,"[3802, -3802]","[3802, 0]"
Presidential Election,1997,Tipperary North ,Labour Party,Adi Roche,5,28583,54135,28583,28373,210,"[2158, 0]","[2158, 2158]"
Presidential Election,1997,Tipperary North ,Independent,Derek Nally,5,28583,54135,28583,28373,210,"[1550, 0]","[1550, 1550]"
Presidential Election,1997,Tipperary South ,Fianna Fáil,Mary McAleese,8,27081,51618,27081,26904,177,"[11865, 3200]","[11865, 15065]"
Presidential Election,1997,Tipperary South ,Fine Gael,Mary Banotti,8,27081,51618,27081,26904,177,"[6928, 3201]","[6928, 10129]"
Presidential Election,1997,Tipperary South ,Independent,Dana Rosemary Scallon,8,27081,51618,27081,26904,177,"[3092, -3092]","[3092, 0]"
Presidential Election,1997,Tipperary South ,Labour Party,Adi Roche,8,27081,51618,27081,26904,177,"[4187, 0]","[4187, 4187]"
Presidential Election,1997,Tipperary South ,Independent,Derek Nally,8,27081,51618,27081,26904,177,"[832, 0]","[832, 832]"
Presidential Election,1997,Waterford ,Fianna Fáil,Mary McAleese,1,31789,70571,31789,31534,255,"[15769, 2991]","[15769, 18760]"
Presidential Election,1997,Waterford ,Fine Gael,Mary Banotti,1,31789,70571,31789,31534,255,"[8243, 2827]","[8243, 11070]"
Presidential Election,1997,Waterford ,Independent,Dana Rosemary Scallon,1,31789,70571,31789,31534,255,"[3887, -3887]","[3887, 0]"
Presidential Election,1997,Waterford ,Labour Party,Adi Roche,1,31789,70571,31789,31534,255,"[2229, 0]","[2229, 2229]"
Presidential Election,1997,Waterford ,Independent,Derek Nally,1,31789,70571,31789,31534,255,"[1406, 0]","[1406, 1406]"
Presidential Election,1997,Westmeath ,Fianna Fáil,Mary McAleese,4,23256,49104,23256,23113,143,"[10653, 2694]","[10653, 13347]"
Presidential Election,1997,Westmeath ,Fine Gael,Mary Banotti,4,23256,49104,23256,23113,143,"[5969, 2393]","[5969, 8362]"
Presidential Election,1997,Westmeath ,Independent,Dana Rosemary Scallon,4,23256,49104,23256,23113,143,"[3770, -3770]","[3770, 0]"
Presidential Election,1997,Westmeath ,Labour Party,Adi Roche,4,23256,49104,23256,23113,143,"[1561, 0]","[1561, 1561]"
Presidential Election,1997,Westmeath ,Independent,Derek Nally,4,23256,49104,23256,23113,143,"[1160, 0]","[1160, 1160]"
Presidential Election,1997,Wexford ,Fianna Fáil,Mary McAleese,0,39760,83900,39760,39373,387,"[16713, 5351]","[16713, 22064]"
Presidential Election,1997,Wexford ,Fine Gael,Mary Banotti,0,39760,83900,39760,39373,387,"[8779, 5364]","[8779, 14143]"
Presidential Election,1997,Wexford ,Independent,Dana Rosemary Scallon,0,39760,83900,39760,39373,387,"[4061, -4061]","[4061, 0]"
Presidential Election,1997,Wexford ,Labour Party,Adi Roche,0,39760,83900,39760,39373,387,"[2415, 0]","[2415, 2415]"
Presidential Election,1997,Wexford ,Independent,Derek Nally,0,39760,83900,39760,39373,387,"[7405, 0]","[7405, 7405]"
Presidential Election,1997,Wicklow ,Fianna Fáil,Mary McAleese,6,35977,80146,35977,35710,267,"[14187, 3641]","[14187, 17828]"
Presidential Election,1997,Wicklow ,Fine Gael,Mary Banotti,6,35977,80146,35977,35710,267,"[11532, 4174]","[11532, 15706]"
Presidential Election,1997,Wicklow ,Independent,Dana Rosemary Scallon,6,35977,80146,35977,35710,267,"[4973, -4973]","[4973, 0]"
Presidential Election,1997,Wicklow ,Labour Party,Adi Roche,6,35977,80146,35977,35710,267,"[2874, 0]","[2874, 2874]"
Presidential Election,1997,Wicklow ,Independent,Derek Nally,6,35977,80146,35977,35710,267,"[2144, 0]","[2144, 2144]"
Presidential Election,1990,-Total-,Labour Party,Mary Robinson,8,1584095,2471308,1584095,1574651,9444,"[612265, 205565]","[612265, 817830]"
Presidential Election,1990,-Total-,Fianna Fáil,"Brian Lenihan, Snr",8,1584095,2471308,1584095,1574651,9444,"[694484, 36789]","[694484, 731273]"
Presidential Election,1990,-Total-,Fine Gael,Austin Currie,8,1584095,2471308,1584095,1574651,9444,"[267902, -267902]","[267902, 0]"
Presidential Election,1990,Carlow–Kilkenny ,Labour Party,Mary Robinson,1,53138,79921,53138,52803,335,"[19054, 7679]","[19054, 26733]"
Presidential Election,1990,Carlow–Kilkenny ,Fianna Fáil,"Brian Lenihan, Snr",1,53138,79921,53138,52803,335,"[23808, 1295]","[23808, 25103]"
Presidential Election,1990,Carlow–Kilkenny ,Fine Gael,Austin Currie,1,53138,79921,53138,52803,335,"[9941, -9941]","[9941, 0]"
Presidential Election,1990,Cavan–Monaghan ,Labour Party,Mary Robinson,0,47670,76800,47670,47337,333,"[11923, 7741]","[11923, 19664]"
Presidential Election,1990,Cavan–Monaghan ,Fianna Fáil,"Brian Lenihan, Snr",0,47670,76800,47670,47337,333,"[25365, 1431]","[25365, 26796]"
Presidential Election,1990,Cavan–Monaghan ,Fine Gael,Austin Currie,0,47670,76800,47670,47337,333,"[10049, -10049]","[10049, 0]"
Presidential Election,1990,Clare ,Labour Party,Mary Robinson,2,43603,64802,43603,43370,233,"[13745, 6259]","[13745, 20004]"
Presidential Election,1990,Clare ,Fianna Fáil,"Brian Lenihan, Snr",2,43603,64802,43603,43370,233,"[21669, 1046]","[21669, 22715]"
Presidential Election,1990,Clare ,Fine Gael,Austin Currie,2,43603,64802,43603,43370,233,"[7956, -7956]","[7956, 0]"
Presidential Election,1990,Cork East ,Labour Party,Mary Robinson,1,38260,56601,38260,38100,160,"[14124, 5314]","[14124, 19438]"
Presidential Election,1990,Cork East ,Fianna Fáil,"Brian Lenihan, Snr",1,38260,56601,38260,38100,160,"[16928, 908]","[16928, 17836]"
Presidential Election,1990,Cork East ,Fine Gael,Austin Currie,1,38260,56601,38260,38100,160,"[7048, -7048]","[7048, 0]"
Presidential Election,1990,Cork North–Central ,Labour Party,Mary Robinson,1,39155,63121,39155,38890,265,"[17832, 4514]","[17832, 22346]"
Presidential Election,1990,Cork North–Central ,Fianna Fáil,"Brian Lenihan, Snr",1,39155,63121,39155,38890,265,"[15020, 914]","[15020, 15934]"
Presidential Election,1990,Cork North–Central ,Fine Gael,Austin Currie,1,39155,63121,39155,38890,265,"[6038, -6038]","[6038, 0]"
Presidential Election,1990,Cork North–West ,Labour Party,Mary Robinson,6,30569,41146,30569,30419,150,"[8162, 6549]","[8162, 14711]"
Presidential Election,1990,Cork North–West ,Fianna Fáil,"Brian Lenihan, Snr",6,30569,41146,30569,30419,150,"[13843, 1053]","[13843, 14896]"
Presidential Election,1990,Cork North–West ,Fine Gael,Austin Currie,6,30569,41146,30569,30419,150,"[8414, -8414]","[8414, 0]"
Presidential Election,1990,Cork South–Central ,Labour Party,Mary Robinson,2,53926,79302,53926,53656,270,"[26226, 7075]","[26226, 33301]"
Presidential Election,1990,Cork South–Central ,Fianna Fáil,"Brian Lenihan, Snr",2,53926,79302,53926,53656,270,"[18176, 1240]","[18176, 19416]"
Presidential Election,1990,Cork South–Central ,Fine Gael,Austin Currie,2,53926,79302,53926,53656,270,"[9254, -9254]","[9254, 0]"
Presidential Election,1990,Cork South–West ,Labour Party,Mary Robinson,7,29750,42917,29750,29614,136,"[9034, 6606]","[9034, 15640]"
Presidential Election,1990,Cork South–West ,Fianna Fáil,"Brian Lenihan, Snr",7,29750,42917,29750,29614,136,"[11957, 1127]","[11957, 13084]"
Presidential Election,1990,Cork South–West ,Fine Gael,Austin Currie,7,29750,42917,29750,29614,136,"[8623, -8623]","[8623, 0]"
Presidential Election,1990,Donegal North–East ,Labour Party,Mary Robinson,3,23348,45583,23348,23189,159,"[6397, 2765]","[6397, 9162]"
Presidential Election,1990,Donegal North–East ,Fianna Fáil,"Brian Lenihan, Snr",3,23348,45583,23348,23189,159,"[12834, 550]","[12834, 13384]"
Presidential Election,1990,Donegal North–East ,Fine Gael,Austin Currie,3,23348,45583,23348,23189,159,"[3958, -3958]","[3958, 0]"
Presidential Election,1990,Donegal South–West ,Labour Party,Mary Robinson,9,25363,47579,25363,25196,167,"[7058, 3672]","[7058, 10730]"
Presidential Election,1990,Donegal South–West ,Fianna Fáil,"Brian Lenihan, Snr",9,25363,47579,25363,25196,167,"[13344, 571]","[13344, 13915]"
Presidential Election,1990,Donegal South–West ,Fine Gael,Austin Currie,9,25363,47579,25363,25196,167,"[4794, -4794]","[4794, 0]"
Presidential Election,1990,Dublin Central ,Labour Party,Mary Robinson,5,38614,64765,38614,38249,365,"[15683, 3359]","[15683, 19042]"
Presidential Election,1990,Dublin Central ,Fianna Fáil,"Brian Lenihan, Snr",5,38614,64765,38614,38249,365,"[17855, 793]","[17855, 18648]"
Presidential Election,1990,Dublin Central ,Fine Gael,Austin Currie,5,38614,64765,38614,38249,365,"[4711, -4711]","[4711, 0]"
Presidential Election,1990,Dublin North ,Labour Party,Mary Robinson,2,34586,52372,34586,34380,206,"[15637, 2926]","[15637, 18563]"
Presidential Election,1990,Dublin North ,Fianna Fáil,"Brian Lenihan, Snr",2,34586,52372,34586,34380,206,"[14812, 646]","[14812, 15458]"
Presidential Election,1990,Dublin North ,Fine Gael,Austin Currie,2,34586,52372,34586,34380,206,"[3931, -3931]","[3931, 0]"
Presidential Election,1990,Dublin North–Central ,Labour Party,Mary Robinson,6,37763,55566,37763,37474,289,"[16064, 3521]","[16064, 19585]"
Presidential Election,1990,Dublin North–Central ,Fianna Fáil,"Brian Lenihan, Snr",6,37763,55566,37763,37474,289,"[16658, 736]","[16658, 17394]"
Presidential Election,1990,Dublin North–Central ,Fine Gael,Austin Currie,6,37763,55566,37763,37474,289,"[4752, -4752]","[4752, 0]"
Presidential Election,1990,Dublin North–East ,Labour Party,Mary Robinson,8,33941,53598,33941,33711,230,"[16082, 2690]","[16082, 18772]"
Presidential Election,1990,Dublin North–East ,Fianna Fáil,"Brian Lenihan, Snr",8,33941,53598,33941,33711,230,"[13939, 598]","[13939, 14537]"
Presidential Election,1990,Dublin North–East ,Fine Gael,Austin Currie,8,33941,53598,33941,33711,230,"[3690, -3690]","[3690, 0]"
Presidential Election,1990,Dublin North–West ,Labour Party,Mary Robinson,8,27973,48008,27973,27646,327,"[13240, 2041]","[13240, 15281]"
Presidential Election,1990,Dublin North–West ,Fianna Fáil,"Brian Lenihan, Snr",8,27973,48008,27973,27646,327,"[11611, 448]","[11611, 12059]"
Presidential Election,1990,Dublin North–West ,Fine Gael,Austin Currie,8,27973,48008,27973,27646,327,"[2795, -2795]","[2795, 0]"
Presidential Election,1990,Dublin South ,Labour Party,Mary Robinson,3,56979,84423,56979,56697,282,"[29103, 7370]","[29103, 36473]"
Presidential Election,1990,Dublin South ,Fianna Fáil,"Brian Lenihan, Snr",3,56979,84423,56979,56697,282,"[17948, 1382]","[17948, 19330]"
Presidential Election,1990,Dublin South ,Fine Gael,Austin Currie,3,56979,84423,56979,56697,282,"[9646, -9646]","[9646, 0]"
Presidential Election,1990,Dublin South–Central ,Labour Party,Mary Robinson,5,43152,71725,43152,42819,333,"[20394, 4123]","[20394, 24517]"
Presidential Election,1990,Dublin South–Central ,Fianna Fáil,"Brian Lenihan, Snr",5,43152,71725,43152,42819,333,"[16847, 896]","[16847, 17743]"
Presidential Election,1990,Dublin South–Central ,Fine Gael,Austin Currie,5,43152,71725,43152,42819,333,"[5578, -5578]","[5578, 0]"
Presidential Election,1990,Dublin South–East ,Labour Party,Mary Robinson,9,33579,56869,33579,33363,216,"[17262, 4156]","[17262, 21418]"
Presidential Election,1990,Dublin South–East ,Fianna Fáil,"Brian Lenihan, Snr",9,33579,56869,33579,33363,216,"[10573, 785]","[10573, 11358]"
Presidential Election,1990,Dublin South–East ,Fine Gael,Austin Currie,9,33579,56869,33579,33363,216,"[5528, -5528]","[5528, 0]"
Presidential Election,1990,Dublin South–West ,Labour Party,Mary Robinson,8,37115,66618,37115,36827,288,"[17826, 2747]","[17826, 20573]"
Presidential Election,1990,Dublin South–West ,Fianna Fáil,"Brian Lenihan, Snr",8,37115,66618,37115,36827,288,"[15340, 554]","[15340, 15894]"
Presidential Election,1990,Dublin South–West ,Fine Gael,Austin Currie,8,37115,66618,37115,36827,288,"[3661, -3661]","[3661, 0]"
Presidential Election,1990,Dublin West ,Labour Party,Mary Robinson,1,48482,79041,48482,48198,284,"[19772, 4896]","[19772, 24668]"
Presidential Election,1990,Dublin West ,Fianna Fáil,"Brian Lenihan, Snr",1,48482,79041,48482,48198,284,"[21987, 972]","[21987, 22959]"
Presidential Election,1990,Dublin West ,Fine Gael,Austin Currie,1,48482,79041,48482,48198,284,"[6439, -6439]","[6439, 0]"
Presidential Election,1990,Dún Laoghaire ,Labour Party,Mary Robinson,0,52944,81410,52944,52746,198,"[28815, 6712]","[28815, 35527]"
Presidential Election,1990,Dún Laoghaire ,Fianna Fáil,"Brian Lenihan, Snr",0,52944,81410,52944,52746,198,"[14974, 1319]","[14974, 16293]"
Presidential Election,1990,Dún Laoghaire ,Fine Gael,Austin Currie,0,52944,81410,52944,52746,198,"[8957, -8957]","[8957, 0]"
Presidential Election,1990,Galway East ,Labour Party,Mary Robinson,5,27644,42435,27644,27555,89,"[8043, 4608]","[8043, 12651]"
Presidential Election,1990,Galway East ,Fianna Fáil,"Brian Lenihan, Snr",5,27644,42435,27644,27555,89,"[13883, 603]","[13883, 14486]"
Presidential Election,1990,Galway East ,Fine Gael,Austin Currie,5,27644,42435,27644,27555,89,"[5629, -5629]","[5629, 0]"
Presidential Election,1990,Galway West ,Labour Party,Mary Robinson,9,46217,77999,46217,45957,260,"[18978, 6494]","[18978, 25472]"
Presidential Election,1990,Galway West ,Fianna Fáil,"Brian Lenihan, Snr",9,46217,77999,46217,45957,260,"[18885, 990]","[18885, 19875]"
Presidential Election,1990,Galway West ,Fine Gael,Austin Currie,9,46217,77999,46217,45957,260,"[8094, -8094]","[8094, 0]"
Presidential Election,1990,Kerry North ,Labour Party,Mary Robinson,5,30461,47585,30461,30243,218,"[11155, 3941]","[11155, 15096]"
Presidential Election,1990,Kerry North ,Fianna Fáil,"Brian Lenihan, Snr",5,30461,47585,30461,30243,218,"[13896, 773]","[13896, 14669]"
Presidential Election,1990,Kerry North ,Fine Gael,Austin Currie,5,30461,47585,30461,30243,218,"[5192, -5192]","[5192, 0]"
Presidential Election,1990,Kerry South ,Labour Party,Mary Robinson,3,28608,42943,28608,28457,151,"[9336, 3902]","[9336, 13238]"
Presidential Election,1990,Kerry South ,Fianna Fáil,"Brian Lenihan, Snr",3,28608,42943,28608,28457,151,"[14230, 582]","[14230, 14812]"
Presidential Election,1990,Kerry South ,Fine Gael,Austin Currie,3,28608,42943,28608,28457,151,"[4891, -4891]","[4891, 0]"
Presidential Election,1990,Kildare ,Labour Party,Mary Robinson,9,50889,80619,50889,50727,162,"[21638, 5829]","[21638, 27467]"
Presidential Election,1990,Kildare ,Fianna Fáil,"Brian Lenihan, Snr",9,50889,80619,50889,50727,162,"[21388, 1105]","[21388, 22493]"
Presidential Election,1990,Kildare ,Fine Gael,Austin Currie,9,50889,80619,50889,50727,162,"[7701, -7701]","[7701, 0]"
Presidential Election,1990,Laois–Offaly ,Labour Party,Mary Robinson,0,51153,75270,51153,50896,257,"[16571, 6826]","[16571, 23397]"
Presidential Election,1990,Laois–Offaly ,Fianna Fáil,"Brian Lenihan, Snr",0,51153,75270,51153,50896,257,"[25635, 1105]","[25635, 26740]"
Presidential Election,1990,Laois–Offaly ,Fine Gael,Austin Currie,0,51153,75270,51153,50896,257,"[8690, -8690]","[8690, 0]"
Presidential Election,1990,Limerick East ,Labour Party,Mary Robinson,6,42818,67546,42818,42608,210,"[20527, 5708]","[20527, 26235]"
Presidential Election,1990,Limerick East ,Fianna Fáil,"Brian Lenihan, Snr",6,42818,67546,42818,42608,210,"[14583, 1006]","[14583, 15589]"
Presidential Election,1990,Limerick East ,Fine Gael,Austin Currie,6,42818,67546,42818,42608,210,"[7498, -7498]","[7498, 0]"
Presidential Election,1990,Limerick West ,Labour Party,Mary Robinson,9,30958,43829,30958,30776,182,"[8766, 4614]","[8766, 13380]"
Presidential Election,1990,Limerick West ,Fianna Fáil,"Brian Lenihan, Snr",9,30958,43829,30958,30776,182,"[16055, 779]","[16055, 16834]"
Presidential Election,1990,Limerick West ,Fine Gael,Austin Currie,9,30958,43829,30958,30776,182,"[5955, -5955]","[5955, 0]"
Presidential Election,1990,Longford–Westmeath ,Labour Party,Mary Robinson,3,41551,62413,41551,41317,234,"[11741, 6054]","[11741, 17795]"
Presidential Election,1990,Longford–Westmeath ,Fianna Fáil,"Brian Lenihan, Snr",3,41551,62413,41551,41317,234,"[21860, 1021]","[21860, 22881]"
Presidential Election,1990,Longford–Westmeath ,Fine Gael,Austin Currie,3,41551,62413,41551,41317,234,"[7716, -7716]","[7716, 0]"
Presidential Election,1990,Louth ,Labour Party,Mary Robinson,5,39975,63585,39975,39616,359,"[13894, 4159]","[13894, 18053]"
Presidential Election,1990,Louth ,Fianna Fáil,"Brian Lenihan, Snr",5,39975,63585,39975,39616,359,"[20134, 936]","[20134, 21070]"
Presidential Election,1990,Louth ,Fine Gael,Austin Currie,5,39975,63585,39975,39616,359,"[5588, -5588]","[5588, 0]"
Presidential Election,1990,Mayo East ,Labour Party,Mary Robinson,8,26985,39828,26985,26808,177,"[9947, 4215]","[9947, 14162]"
Presidential Election,1990,Mayo East ,Fianna Fáil,"Brian Lenihan, Snr",8,26985,39828,26985,26808,177,"[11838, 524]","[11838, 12362]"
Presidential Election,1990,Mayo East ,Fine Gael,Austin Currie,8,26985,39828,26985,26808,177,"[5023, -5023]","[5023, 0]"
Presidential Election,1990,Mayo West ,Labour Party,Mary Robinson,2,25823,39712,25823,25725,98,"[8905, 3940]","[8905, 12845]"
Presidential Election,1990,Mayo West ,Fianna Fáil,"Brian Lenihan, Snr",2,25823,39712,25823,25725,98,"[12114, 452]","[12114, 12566]"
Presidential Election,1990,Mayo West ,Fine Gael,Austin Currie,2,25823,39712,25823,25725,98,"[4706, -4706]","[4706, 0]"
Presidential Election,1990,Meath ,Labour Party,Mary Robinson,6,49265,77946,49265,48952,313,"[16818, 6219]","[16818, 23037]"
Presidential Election,1990,Meath ,Fianna Fáil,"Brian Lenihan, Snr",6,49265,77946,49265,48952,313,"[23960, 1162]","[23960, 25122]"
Presidential Election,1990,Meath ,Fine Gael,Austin Currie,6,49265,77946,49265,48952,313,"[8174, -8174]","[8174, 0]"
Presidential Election,1990,Roscommon ,Labour Party,Mary Robinson,5,28297,40575,28297,28159,138,"[7223, 5272]","[7223, 12495]"
Presidential Election,1990,Roscommon ,Fianna Fáil,"Brian Lenihan, Snr",5,28297,40575,28297,28159,138,"[14454, 731]","[14454, 15185]"
Presidential Election,1990,Roscommon ,Fine Gael,Austin Currie,5,28297,40575,28297,28159,138,"[6482, -6482]","[6482, 0]"
Presidential Election,1990,Sligo–Leitrim,Labour Party,Mary Robinson,9,38608,58899,38608,38371,237,"[11660, 6222]","[11660, 17882]"
Presidential Election,1990,Sligo–Leitrim,Fianna Fáil,"Brian Lenihan, Snr",9,38608,58899,38608,38371,237,"[18917, 989]","[18917, 19906]"
Presidential Election,1990,Sligo–Leitrim,Fine Gael,Austin Currie,9,38608,58899,38608,38371,237,"[7794, -7794]","[7794, 0]"
Presidential Election,1990,Tipperary North ,Labour Party,Mary Robinson,1,29309,41731,29309,29121,188,"[8926, 4557]","[8926, 13483]"
Presidential Election,1990,Tipperary North ,Fianna Fáil,"Brian Lenihan, Snr",1,29309,41731,29309,29121,188,"[14373, 746]","[14373, 15119]"
Presidential Election,1990,Tipperary North ,Fine Gael,Austin Currie,1,29309,41731,29309,29121,188,"[5822, -5822]","[5822, 0]"
Presidential Election,1990,Tipperary South ,Labour Party,Mary Robinson,2,37528,55262,37528,37295,233,"[12751, 5463]","[12751, 18214]"
Presidential Election,1990,Tipperary South ,Fianna Fáil,"Brian Lenihan, Snr",2,37528,55262,37528,37295,233,"[17317, 982]","[17317, 18299]"
Presidential Election,1990,Tipperary South ,Fine Gael,Austin Currie,2,37528,55262,37528,37295,233,"[7227, -7227]","[7227, 0]"
Presidential Election,1990,Waterford ,Labour Party,Mary Robinson,2,38918,61142,38918,38755,163,"[15359, 4521]","[15359, 19880]"
Presidential Election,1990,Waterford ,Fianna Fáil,"Brian Lenihan, Snr",2,38918,61142,38918,38755,163,"[17236, 934]","[17236, 18170]"
Presidential Election,1990,Waterford ,Fine Gael,Austin Currie,2,38918,61142,38918,38755,163,"[6160, -6160]","[6160, 0]"
Presidential Election,1990,Wexford ,Labour Party,Mary Robinson,4,47192,72314,47192,46897,295,"[17201, 5857]","[17201, 23058]"
Presidential Election,1990,Wexford ,Fianna Fáil,"Brian Lenihan, Snr",4,47192,72314,47192,46897,295,"[21790, 1200]","[21790, 22990]"
Presidential Election,1990,Wexford ,Fine Gael,Austin Currie,4,47192,72314,47192,46897,295,"[7906, -7906]","[7906, 0]"
Presidential Election,1990,Wicklow ,Labour Party,Mary Robinson,8,41986,67508,41986,41732,254,"[19393, 4449]","[19393, 23842]"
Presidential Election,1990,Wicklow ,Fianna Fáil,"Brian Lenihan, Snr",8,41986,67508,41986,41732,254,"[16448, 905]","[16448, 17353]"
Presidential Election,1990,Wicklow ,Fine Gael,Austin Currie,8,41986,67508,41986,41732,254,"[5891, -5891]","[5891, 0]"
Presidential Election,1973,-Total-,Fianna Fáil,Erskine H. Childers,7,1230594,1977817,1230594,1223648,6946,[635867],[635867]
Presidential Election,1973,-Total-,Fine Gael,Tom O'Higgins,7,1230594,1977817,1230594,1223648,6946,[587771],[587771]
